Date,Zipcode,Pollutant,Avg Concentration (ug/m3),Daily Avg AQI,Daily Max AQI,AQI Category
2025-07-22,10010,PM2.5,13.84,56.2,59,Moderate
2025-07-22,10010,PM10,14.73,11.4,13,Good
2025-07-22,10010,Ozone,83.46,40.8,75,Moderate
2025-07-22,10010,Nitrogen Dioxide,14.25,7.0,12,Good
2025-07-22,10010,Sulphur Dioxide,4.5,2.4,3,Good
2025-07-22,10010,Carbon Monoxide,202.25,2.0,2,Good
2025-07-22,10010,Overall,,59.2,75,Moderate
2025-07-23,10010,PM2.5,12.9,61.5,64,Moderate
2025-07-23,10010,PM10,14.52,15.2,17,Good
2025-07-23,10010,Ozone,89.67,49.6,106,Unhealthy for Sensitive Groups
2025-07-23,10010,Nitrogen Dioxide,19.94,9.9,18,Good
2025-07-23,10010,Sulphur Dioxide,5.84,3.1,6,Good
2025-07-23,10010,Carbon Monoxide,221.25,2.2,3,Good
2025-07-23,10010,Overall,,70.9,106,Unhealthy for Sensitive Groups
2025-07-24,10010,PM2.5,11.1,52.2,57,Moderate
2025-07-24,10010,PM10,11.87,10.3,13,Good
2025-07-24,10010,Ozone,102.58,58.8,118,Unhealthy for Sensitive Groups
2025-07-24,10010,Nitrogen Dioxide,15.02,7.4,11,Good
2025-07-24,10010,Sulphur Dioxide,5.58,3.0,4,Good
2025-07-24,10010,Carbon Monoxide,212.25,2.0,2,Good
2025-07-24,10010,Overall,,68.8,118,Unhealthy for Sensitive Groups
2025-07-25,10010,PM2.5,12.77,55.8,57,Moderate
2025-07-25,10010,PM10,13.08,11.2,12,Good
2025-07-25,10010,Ozone,112.29,80.4,160,Unhealthy
2025-07-25,10010,Nitrogen Dioxide,15.75,7.8,16,Good
2025-07-25,10010,Sulphur Dioxide,8.52,4.6,9,Good
2025-07-25,10010,Carbon Monoxide,239.46,2.2,3,Good
2025-07-25,10010,Overall,,87.2,160,Unhealthy
2025-07-26,10010,PM2.5,23.6,62.0,76,Moderate
2025-07-26,10010,PM10,24.12,14.2,21,Good
2025-07-26,10010,Ozone,91.71,52.0,109,Unhealthy for Sensitive Groups
2025-07-26,10010,Nitrogen Dioxide,15.87,7.8,15,Good
2025-07-26,10010,Sulphur Dioxide,4.36,2.3,3,Good
2025-07-26,10010,Carbon Monoxide,296.88,2.5,3,Good
2025-07-26,10010,Overall,,69.5,109,Unhealthy for Sensitive Groups
2025-07-27,10010,PM2.5,28.98,91.0,97,Moderate
2025-07-27,10010,PM10,29.89,28.9,32,Good
2025-07-27,10010,Ozone,87.17,44.0,84,Moderate
2025-07-27,10010,Nitrogen Dioxide,23.46,11.5,22,Good
2025-07-27,10010,Sulphur Dioxide,6.03,3.2,5,Good
2025-07-27,10010,Carbon Monoxide,306.33,3.0,3,Good
2025-07-27,10010,Overall,,91.0,97,Moderate
2025-07-28,10010,PM2.5,22.1,77.6,88,Moderate
2025-07-28,10010,PM10,22.79,21.8,27,Good
2025-07-28,10010,Ozone,91.5,56.6,115,Unhealthy for Sensitive Groups
2025-07-28,10010,Nitrogen Dioxide,25.65,12.6,52,Moderate
2025-07-28,10010,Sulphur Dioxide,4.52,2.5,5,Good
2025-07-28,10010,Carbon Monoxide,310.21,3.0,3,Good
2025-07-28,10010,Overall,,85.1,115,Unhealthy for Sensitive Groups
2025-07-29,10010,PM2.5,28.79,87.7,93,Moderate
2025-07-29,10010,PM10,29.31,26.9,30,Good
2025-07-29,10010,Ozone,91.04,61.4,158,Unhealthy
2025-07-29,10010,Nitrogen Dioxide,51.06,25.2,55,Moderate
2025-07-29,10010,Sulphur Dioxide,6.11,3.2,5,Good
2025-07-29,10010,Carbon Monoxide,355.88,3.5,4,Good
2025-07-29,10010,Overall,,102.7,158,Unhealthy
2025-07-30,10010,PM2.5,20.25,73.6,87,Moderate
2025-07-30,10010,PM10,20.95,20.3,27,Good
2025-07-30,10010,Ozone,118.79,81.5,187,Unhealthy
2025-07-30,10010,Nitrogen Dioxide,27.0,13.3,32,Good
2025-07-30,10010,Sulphur Dioxide,8.73,4.8,6,Good
2025-07-30,10010,Carbon Monoxide,300.96,3.1,4,Good
2025-07-30,10010,Overall,,106.2,187,Unhealthy
2025-07-31,10010,PM2.5,25.3,79.5,87,Moderate
2025-07-31,10010,PM10,26.0,23.1,27,Good
2025-07-31,10010,Ozone,91.92,61.6,125,Unhealthy for Sensitive Groups
2025-07-31,10010,Nitrogen Dioxide,31.09,15.4,33,Good
2025-07-31,10010,Sulphur Dioxide,7.65,4.2,6,Good
2025-07-31,10010,Carbon Monoxide,324.12,3.3,4,Good
2025-07-31,10010,Overall,,87.4,125,Unhealthy for Sensitive Groups
2025-08-01,10010,PM2.5,19.1,68.8,81,Moderate
2025-08-01,10010,PM10,19.2,17.7,24,Good
2025-08-01,10010,Ozone,73.29,36.6,48,Good
2025-08-01,10010,Nitrogen Dioxide,18.0,8.9,35,Good
2025-08-01,10010,Sulphur Dioxide,3.58,1.9,3,Good
2025-08-01,10010,Carbon Monoxide,274.71,2.6,3,Good
2025-08-01,10010,Overall,,68.8,81,Moderate
2025-08-02,10010,PM2.5,21.3,78.1,82,Moderate
2025-08-02,10010,PM10,21.43,21.8,24,Good
2025-08-02,10010,Ozone,69.46,36.0,78,Moderate
2025-08-02,10010,Nitrogen Dioxide,33.6,16.5,37,Good
2025-08-02,10010,Sulphur Dioxide,4.88,2.7,4,Good
2025-08-02,10010,Carbon Monoxide,327.25,3.0,4,Good
2025-08-02,10010,Overall,,78.1,82,Moderate
2025-08-03,10010,PM2.5,21.13,70.8,74,Moderate
2025-08-03,10010,PM10,21.21,18.2,20,Good
2025-08-03,10010,Ozone,82.79,47.8,130,Unhealthy for Sensitive Groups
2025-08-03,10010,Nitrogen Dioxide,38.01,18.8,38,Good
2025-08-03,10010,Sulphur Dioxide,5.6,3.0,4,Good
2025-08-03,10010,Carbon Monoxide,335.42,3.3,4,Good
2025-08-03,10010,Overall,,82.5,130,Unhealthy for Sensitive Groups
2025-08-04,10010,PM2.5,43.97,90.2,120,Unhealthy for Sensitive Groups
2025-08-04,10010,PM10,44.42,27.1,40,Good
2025-08-04,10010,Ozone,89.5,61.3,148,Unhealthy for Sensitive Groups
2025-08-04,10010,Nitrogen Dioxide,44.74,22.1,40,Good
2025-08-04,10010,Sulphur Dioxide,6.56,3.6,5,Good
2025-08-04,10010,Carbon Monoxide,351.25,3.3,4,Good
2025-08-04,10010,Overall,,96.2,148,Unhealthy for Sensitive Groups
2025-08-05,10010,PM2.5,41.19,123.2,132,Unhealthy for Sensitive Groups
2025-08-05,10010,PM10,41.81,41.3,44,Good
2025-08-05,10010,Ozone,87.42,57.0,149,Unhealthy for Sensitive Groups
2025-08-05,10010,Nitrogen Dioxide,45.52,22.2,39,Good
2025-08-05,10010,Sulphur Dioxide,8.38,4.5,8,Good
2025-08-05,10010,Carbon Monoxide,382.79,3.8,5,Good
2025-08-05,10010,Overall,,127.8,149,Unhealthy for Sensitive Groups
2025-08-06,10010,PM2.5,28.03,100.4,114,Unhealthy for Sensitive Groups
2025-08-06,10010,PM10,28.93,32.8,38,Good
2025-08-06,10010,Ozone,69.21,38.2,84,Moderate
2025-08-06,10010,Nitrogen Dioxide,23.65,11.8,20,Good
2025-08-06,10010,Sulphur Dioxide,6.09,3.5,4,Good
2025-08-06,10010,Carbon Monoxide,290.79,2.9,3,Good
2025-08-06,10010,Overall,,100.4,114,Unhealthy for Sensitive Groups
2025-08-07,10010,PM2.5,16.17,76.2,86,Moderate
2025-08-07,10010,PM10,17.01,21.6,26,Good
2025-08-07,10010,Ozone,66.25,30.0,50,Good
2025-08-07,10010,Nitrogen Dioxide,23.04,11.4,22,Good
2025-08-07,10010,Sulphur Dioxide,5.68,3.2,5,Good
2025-08-07,10010,Carbon Monoxide,240.29,2.5,3,Good
2025-08-07,10010,Overall,,76.2,86,Moderate
2025-08-08,10010,PM2.5,9.17,56.0,64,Moderate
2025-08-08,10010,PM10,10.35,12.1,15,Good
2025-08-08,10010,Ozone,59.46,26.8,46,Good
2025-08-08,10010,Nitrogen Dioxide,23.52,11.6,19,Good
2025-08-08,10010,Sulphur Dioxide,5.41,2.9,5,Good
2025-08-08,10010,Carbon Monoxide,234.25,2.4,3,Good
2025-08-08,10010,Overall,,56.0,64,Moderate
2025-08-09,10010,PM2.5,12.74,54.0,57,Moderate
2025-08-09,10010,PM10,13.53,11.0,12,Good
2025-08-09,10010,Ozone,62.0,30.0,69,Moderate
2025-08-09,10010,Nitrogen Dioxide,35.6,17.5,32,Good
2025-08-09,10010,Sulphur Dioxide,8.25,4.5,7,Good
2025-08-09,10010,Carbon Monoxide,269.54,2.5,3,Good
2025-08-09,10010,Overall,,55.2,69,Moderate
2025-08-10,10010,PM2.5,17.75,58.2,66,Moderate
2025-08-10,10010,PM10,18.05,12.6,16,Good
2025-08-10,10010,Ozone,118.62,82.1,203,Very Unhealthy
2025-08-10,10010,Nitrogen Dioxide,29.18,14.3,25,Good
2025-08-10,10010,Sulphur Dioxide,8.98,4.9,7,Good
2025-08-10,10010,Carbon Monoxide,264.58,2.5,3,Good
2025-08-10,10010,Overall,,100.6,203,Very Unhealthy
2025-08-11,10010,PM2.5,17.21,68.5,70,Moderate
2025-08-11,10010,PM10,17.42,17.3,18,Good
2025-08-11,10010,Ozone,111.88,85.5,170,Unhealthy
2025-08-11,10010,Nitrogen Dioxide,24.24,12.0,19,Good
2025-08-11,10010,Sulphur Dioxide,8.11,4.3,6,Good
2025-08-11,10010,Carbon Monoxide,252.46,2.3,3,Good
2025-08-11,10010,Overall,,102.4,170,Unhealthy
2025-08-12,10010,PM2.5,14.7,61.6,65,Moderate
2025-08-12,10010,PM10,15.03,14.1,16,Good
2025-08-12,10010,Ozone,104.0,74.8,182,Unhealthy
2025-08-12,10010,Nitrogen Dioxide,22.33,11.0,16,Good
2025-08-12,10010,Sulphur Dioxide,8.24,4.5,6,Good
2025-08-12,10010,Carbon Monoxide,235.46,2.0,2,Good
2025-08-12,10010,Overall,,93.2,182,Unhealthy
2025-08-13,10010,PM2.5,14.76,58.4,61,Moderate
2025-08-13,10010,PM10,14.93,12.5,14,Good
2025-08-13,10010,Ozone,85.08,52.2,111,Unhealthy for Sensitive Groups
2025-08-13,10010,Nitrogen Dioxide,25.42,12.5,17,Good
2025-08-13,10010,Sulphur Dioxide,8.78,4.8,7,Good
2025-08-13,10010,Carbon Monoxide,225.04,2.0,2,Good
2025-08-13,10010,Overall,,71.2,111,Unhealthy for Sensitive Groups
2025-08-14,10010,PM2.5,16.54,67.6,71,Moderate
2025-08-14,10010,PM10,16.65,16.8,19,Good
2025-08-14,10010,Ozone,97.5,64.9,149,Unhealthy for Sensitive Groups
2025-08-14,10010,Nitrogen Dioxide,28.68,14.1,25,Good
2025-08-14,10010,Sulphur Dioxide,7.32,4.0,6,Good
2025-08-14,10010,Carbon Monoxide,310.46,3.0,3,Good
2025-08-14,10010,Overall,,86.3,149,Unhealthy for Sensitive Groups
2025-08-15,10010,PM2.5,12.4,59.2,64,Moderate
2025-08-15,10010,PM10,12.76,12.7,15,Good
2025-08-15,10010,Ozone,91.75,50.9,113,Unhealthy for Sensitive Groups
2025-08-15,10010,Nitrogen Dioxide,19.04,9.4,23,Good
2025-08-15,10010,Sulphur Dioxide,4.94,2.8,3,Good
2025-08-15,10010,Carbon Monoxide,283.38,3.2,4,Good
2025-08-15,10010,Overall,,71.0,113,Unhealthy for Sensitive Groups
2025-08-16,10010,PM2.5,16.82,57.8,65,Moderate
2025-08-16,10010,PM10,18.27,13.0,17,Good
2025-08-16,10010,Ozone,91.58,50.0,90,Moderate
2025-08-16,10010,Nitrogen Dioxide,21.89,10.8,14,Good
2025-08-16,10010,Sulphur Dioxide,6.08,3.3,5,Good
2025-08-16,10010,Carbon Monoxide,253.92,2.6,3,Good
2025-08-16,10010,Overall,,62.2,90,Moderate
2025-08-17,10010,PM2.5,17.25,64.2,65,Moderate
2025-08-17,10010,PM10,17.62,15.9,17,Good
2025-08-17,10010,Ozone,86.0,50.8,115,Unhealthy for Sensitive Groups
2025-08-17,10010,Nitrogen Dioxide,24.31,12.0,34,Good
2025-08-17,10010,Sulphur Dioxide,6.99,3.8,6,Good
2025-08-17,10010,Carbon Monoxide,272.75,2.5,3,Good
2025-08-17,10010,Overall,,73.4,115,Unhealthy for Sensitive Groups
2025-08-18,10010,PM2.5,12.18,64.2,69,Moderate
2025-08-18,10010,PM10,12.48,15.2,17,Good
2025-08-18,10010,Ozone,73.5,32.2,50,Good
2025-08-18,10010,Nitrogen Dioxide,17.61,8.7,30,Good
2025-08-18,10010,Sulphur Dioxide,4.3,2.3,5,Good
2025-08-18,10010,Carbon Monoxide,226.46,2.3,3,Good
2025-08-18,10010,Overall,,64.2,69,Moderate
2025-08-19,10010,PM2.5,6.61,47.3,56,Moderate
2025-08-19,10010,PM10,8.33,8.8,11,Good
2025-08-19,10010,Ozone,77.08,37.5,46,Good
2025-08-19,10010,Nitrogen Dioxide,12.47,6.2,9,Good
2025-08-19,10010,Sulphur Dioxide,3.59,2.0,3,Good
2025-08-19,10010,Carbon Monoxide,197.92,2.0,2,Good
2025-08-19,10010,Overall,,48.1,56,Moderate
2025-08-20,10010,PM2.5,10.05,47.3,52,Moderate
2025-08-20,10010,PM10,11.95,9.9,11,Good
2025-08-20,10010,Ozone,59.92,28.8,37,Good
2025-08-20,10010,Nitrogen Dioxide,17.8,8.8,12,Good
2025-08-20,10010,Sulphur Dioxide,4.15,2.3,3,Good
2025-08-20,10010,Carbon Monoxide,226.71,2.2,3,Good
2025-08-20,10010,Overall,,47.3,52,Moderate
2025-08-21,10010,PM2.5,5.75,39.4,52,Moderate
2025-08-21,10010,PM10,5.86,7.3,11,Good
2025-08-21,10010,Ozone,73.88,32.0,45,Good
2025-08-21,10010,Nitrogen Dioxide,13.41,6.5,9,Good
2025-08-21,10010,Sulphur Dioxide,3.26,1.8,2,Good
2025-08-21,10010,Carbon Monoxide,197.17,2.0,2,Good
2025-08-21,10010,Overall,,42.8,52,Moderate
2025-08-22,10010,PM2.5,8.28,33.2,42,Good
2025-08-22,10010,PM10,8.44,5.4,7,Good
2025-08-22,10010,Ozone,87.38,44.6,74,Moderate
2025-08-22,10010,Nitrogen Dioxide,18.58,9.2,32,Good
2025-08-22,10010,Sulphur Dioxide,4.05,2.2,4,Good
2025-08-22,10010,Carbon Monoxide,279.17,2.2,4,Good
2025-08-22,10010,Overall,,44.6,74,Moderate
2025-08-23,10010,PM2.5,9.61,54.7,57,Moderate
2025-08-23,10010,PM10,9.89,10.7,12,Good
2025-08-23,10010,Ozone,84.96,41.2,74,Moderate
2025-08-23,10010,Nitrogen Dioxide,19.47,9.6,28,Good
2025-08-23,10010,Sulphur Dioxide,6.18,3.5,5,Good
2025-08-23,10010,Carbon Monoxide,229.62,2.8,4,Good
2025-08-23,10010,Overall,,57.3,74,Moderate
2025-08-24,10010,PM2.5,8.28,41.9,51,Moderate
2025-08-24,10010,PM10,10.44,7.9,9,Good
2025-08-24,10010,Ozone,68.54,33.0,42,Good
2025-08-24,10010,Nitrogen Dioxide,14.34,7.1,13,Good
2025-08-24,10010,Sulphur Dioxide,4.2,2.2,4,Good
2025-08-24,10010,Carbon Monoxide,180.0,2.0,2,Good
2025-08-24,10010,Overall,,41.9,51,Moderate
2025-08-25,10010,PM2.5,11.93,52.6,55,Moderate
2025-08-25,10010,PM10,13.07,11.5,12,Good
2025-08-25,10010,Ozone,80.08,39.1,79,Moderate
2025-08-25,10010,Nitrogen Dioxide,18.7,9.2,18,Good
2025-08-25,10010,Sulphur Dioxide,6.25,3.4,6,Good
2025-08-25,10010,Carbon Monoxide,208.54,2.0,2,Good
2025-08-25,10010,Overall,,56.4,79,Moderate
2025-08-26,10010,PM2.5,9.73,52.7,57,Moderate
2025-08-26,10010,PM10,9.8,10.0,12,Good
2025-08-26,10010,Ozone,74.0,35.4,48,Good
2025-08-26,10010,Nitrogen Dioxide,12.96,6.3,14,Good
2025-08-26,10010,Sulphur Dioxide,4.27,2.5,4,Good
2025-08-26,10010,Carbon Monoxide,199.79,2.0,2,Good
2025-08-26,10010,Overall,,52.8,57,Moderate
2025-08-27,10010,PM2.5,12.49,54.8,56,Moderate
2025-08-27,10010,PM10,12.6,10.7,11,Good
2025-08-27,10010,Ozone,61.79,30.4,41,Good
2025-08-27,10010,Nitrogen Dioxide,14.81,7.3,21,Good
2025-08-27,10010,Sulphur Dioxide,3.6,2.0,4,Good
2025-08-27,10010,Carbon Monoxide,198.54,2.0,2,Good
2025-08-27,10010,Overall,,54.8,56,Moderate
2025-08-28,10010,PM2.5,25.9,71.0,83,Moderate
2025-08-28,10010,PM10,26.16,18.4,24,Good
2025-08-28,10010,Ozone,68.0,31.0,74,Moderate
2025-08-28,10010,Nitrogen Dioxide,33.32,16.4,33,Good
2025-08-28,10010,Sulphur Dioxide,7.38,3.9,7,Good
2025-08-28,10010,Carbon Monoxide,262.12,2.5,3,Good
2025-08-28,10010,Overall,,71.0,83,Moderate
2025-08-29,10010,PM2.5,13.43,67.7,82,Moderate
2025-08-29,10010,PM10,13.57,16.9,24,Good
2025-08-29,10010,Ozone,95.12,49.4,78,Moderate
2025-08-29,10010,Nitrogen Dioxide,14.03,6.8,15,Good
2025-08-29,10010,Sulphur Dioxide,6.99,3.8,7,Good
2025-08-29,10010,Carbon Monoxide,227.58,2.0,2,Good
2025-08-29,10010,Overall,,69.8,82,Moderate
2025-08-30,10010,PM2.5,7.36,50.6,58,Moderate
2025-08-30,10010,PM10,7.59,9.2,12,Good
2025-08-30,10010,Ozone,68.75,32.9,43,Good
2025-08-30,10010,Nitrogen Dioxide,10.69,5.3,10,Good
2025-08-30,10010,Sulphur Dioxide,2.82,1.5,3,Good
2025-08-30,10010,Carbon Monoxide,196.21,2.0,2,Good
2025-08-30,10010,Overall,,50.6,58,Moderate
2025-08-31,10010,PM2.5,9.25,48.4,51,Moderate
2025-08-31,10010,PM10,9.42,8.2,9,Good
2025-08-31,10010,Ozone,64.75,31.1,48,Good
2025-08-31,10010,Nitrogen Dioxide,21.08,10.5,34,Good
2025-08-31,10010,Sulphur Dioxide,3.95,2.1,4,Good
2025-08-31,10010,Carbon Monoxide,227.62,2.0,2,Good
2025-08-31,10010,Overall,,48.4,51,Moderate
2025-09-01,10010,PM2.5,13.07,56.5,58,Moderate
2025-09-01,10010,PM10,13.37,11.6,13,Good
2025-09-01,10010,Ozone,70.29,33.1,78,Moderate
2025-09-01,10010,Nitrogen Dioxide,34.96,17.2,38,Good
2025-09-01,10010,Sulphur Dioxide,5.69,3.1,5,Good
2025-09-01,10010,Carbon Monoxide,319.17,3.0,4,Good
2025-09-01,10010,Overall,,59.1,78,Moderate
2025-09-02,10010,PM2.5,10.17,53.8,58,Moderate
2025-09-02,10010,PM10,10.92,10.3,12,Good
2025-09-02,10010,Ozone,76.71,37.8,69,Moderate
2025-09-02,10010,Nitrogen Dioxide,25.06,12.4,22,Good
2025-09-02,10010,Sulphur Dioxide,5.62,3.2,5,Good
2025-09-02,10010,Carbon Monoxide,240.79,2.6,3,Good
2025-09-02,10010,Overall,,55.8,69,Moderate
2025-09-03,10010,PM2.5,14.27,57.3,60,Moderate
2025-09-03,10010,PM10,15.8,13.1,15,Good
2025-09-03,10010,Ozone,54.54,26.9,44,Good
2025-09-03,10010,Nitrogen Dioxide,38.12,18.8,36,Good
2025-09-03,10010,Sulphur Dioxide,8.14,4.3,7,Good
2025-09-03,10010,Carbon Monoxide,283.5,2.8,4,Good
2025-09-03,10010,Overall,,57.3,60,Moderate
2025-09-04,10010,PM2.5,7.31,49.3,60,Moderate
2025-09-04,10010,PM10,8.33,9.8,14,Good
2025-09-04,10010,Ozone,78.96,35.7,61,Moderate
2025-09-04,10010,Nitrogen Dioxide,18.74,9.2,16,Good
2025-09-04,10010,Sulphur Dioxide,5.19,2.9,5,Good
2025-09-04,10010,Carbon Monoxide,206.58,2.0,2,Good
2025-09-04,10010,Overall,,52.1,61,Moderate
2025-09-05,10010,PM2.5,9.55,41.9,51,Moderate
2025-09-05,10010,PM10,9.79,7.6,9,Good
2025-09-05,10010,Ozone,112.96,63.9,128,Unhealthy for Sensitive Groups
2025-09-05,10010,Nitrogen Dioxide,16.76,8.3,15,Good
2025-09-05,10010,Sulphur Dioxide,6.38,3.4,5,Good
2025-09-05,10010,Carbon Monoxide,243.17,2.2,3,Good
2025-09-05,10010,Overall,,63.9,128,Unhealthy for Sensitive Groups
2025-09-06,10010,PM2.5,22.83,57.3,73,Moderate
2025-09-06,10010,PM10,23.15,11.9,20,Good
2025-09-06,10010,Ozone,93.38,58.8,96,Moderate
2025-09-06,10010,Nitrogen Dioxide,26.84,13.2,31,Good
2025-09-06,10010,Sulphur Dioxide,7.59,4.1,5,Good
2025-09-06,10010,Carbon Monoxide,276.04,2.3,3,Good
2025-09-06,10010,Overall,,66.7,96,Moderate
2025-09-07,10010,PM2.5,23.71,84.4,89,Moderate
2025-09-07,10010,PM10,23.94,25.0,27,Good
2025-09-07,10010,Ozone,48.17,24.1,35,Good
2025-09-07,10010,Nitrogen Dioxide,35.65,17.6,38,Good
2025-09-07,10010,Sulphur Dioxide,6.64,3.7,5,Good
2025-09-07,10010,Carbon Monoxide,382.04,3.3,4,Good
2025-09-07,10010,Overall,,84.4,89,Moderate
2025-09-08,10010,PM2.5,11.66,63.2,78,Moderate
2025-09-08,10010,PM10,11.74,14.8,22,Good
2025-09-08,10010,Ozone,56.83,27.4,43,Good
2025-09-08,10010,Nitrogen Dioxide,29.81,14.7,50,Good
2025-09-08,10010,Sulphur Dioxide,4.25,2.3,4,Good
2025-09-08,10010,Carbon Monoxide,263.62,2.7,5,Good
2025-09-08,10010,Overall,,63.2,78,Moderate
2025-09-09,10010,PM2.5,12.15,60.8,63,Moderate
2025-09-09,10010,PM10,12.35,13.4,14,Good
2025-09-09,10010,Ozone,53.54,21.7,46,Good
2025-09-09,10010,Nitrogen Dioxide,38.6,19.0,47,Good
2025-09-09,10010,Sulphur Dioxide,5.43,3.1,4,Good
2025-09-09,10010,Carbon Monoxide,327.71,3.4,5,Good
2025-09-09,10010,Overall,,60.8,63,Moderate
2025-09-10,10010,PM2.5,14.27,51.9,59,Moderate
2025-09-10,10010,PM10,15.12,9.8,13,Good
2025-09-10,10010,Ozone,51.92,26.2,38,Good
2025-09-10,10010,Nitrogen Dioxide,30.72,15.1,40,Good
2025-09-10,10010,Sulphur Dioxide,5.64,3.1,4,Good
2025-09-10,10010,Carbon Monoxide,259.38,2.1,3,Good
2025-09-10,10010,Overall,,51.9,59,Moderate
2025-09-11,10010,PM2.5,13.75,62.2,66,Moderate
2025-09-11,10010,PM10,13.97,14.6,16,Good
2025-09-11,10010,Ozone,68.25,33.8,80,Moderate
2025-09-11,10010,Nitrogen Dioxide,36.05,17.8,51,Moderate
2025-09-11,10010,Sulphur Dioxide,4.94,2.8,4,Good
2025-09-11,10010,Carbon Monoxide,301.67,2.9,4,Good
2025-09-11,10010,Overall,,64.4,80,Moderate
2025-09-12,10010,PM2.5,16.94,66.2,69,Moderate
2025-09-12,10010,PM10,17.25,16.0,17,Good
2025-09-12,10010,Ozone,58.71,25.5,53,Moderate
2025-09-12,10010,Nitrogen Dioxide,45.99,22.7,53,Moderate
2025-09-12,10010,Sulphur Dioxide,6.06,3.2,4,Good
2025-09-12,10010,Carbon Monoxide,344.33,3.6,6,Good
2025-09-12,10010,Overall,,66.2,69,Moderate
2025-09-13,10010,PM2.5,13.87,57.8,65,Moderate
2025-09-13,10010,PM10,15.55,12.9,16,Good
2025-09-13,10010,Ozone,73.67,35.4,75,Moderate
2025-09-13,10010,Nitrogen Dioxide,27.56,13.7,24,Good
2025-09-13,10010,Sulphur Dioxide,7.7,4.2,6,Good
2025-09-13,10010,Carbon Monoxide,271.0,2.5,3,Good
2025-09-13,10010,Overall,,59.2,75,Moderate
2025-09-14,10010,PM2.5,17.14,59.3,63,Moderate
2025-09-14,10010,PM10,17.81,13.8,15,Good
2025-09-14,10010,Ozone,68.5,37.0,78,Moderate
2025-09-14,10010,Nitrogen Dioxide,36.41,18.0,49,Good
2025-09-14,10010,Sulphur Dioxide,7.98,4.4,7,Good
2025-09-14,10010,Carbon Monoxide,302.04,2.7,4,Good
2025-09-14,10010,Overall,,61.4,78,Moderate
2025-09-15,10010,PM2.5,17.66,73.8,77,Moderate
2025-09-15,10010,PM10,18.44,20.3,22,Good
2025-09-15,10010,Ozone,66.92,31.8,84,Moderate
2025-09-15,10010,Nitrogen Dioxide,43.51,21.4,50,Good
2025-09-15,10010,Sulphur Dioxide,7.12,3.8,5,Good
2025-09-15,10010,Carbon Monoxide,338.83,3.3,4,Good
2025-09-15,10010,Overall,,74.9,84,Moderate
2025-09-16,10010,PM2.5,6.34,49.3,66,Moderate
2025-09-16,10010,PM10,6.96,9.9,17,Good
2025-09-16,10010,Ozone,72.62,34.8,48,Good
2025-09-16,10010,Nitrogen Dioxide,19.45,9.6,16,Good
2025-09-16,10010,Sulphur Dioxide,4.62,2.5,4,Good
2025-09-16,10010,Carbon Monoxide,243.33,2.3,3,Good
2025-09-16,10010,Overall,,50.4,66,Moderate
2025-09-17,10010,PM2.5,6.39,30.1,35,Good
2025-09-17,10010,PM10,7.34,5.5,7,Good
2025-09-17,10010,Ozone,61.04,30.1,39,Good
2025-09-17,10010,Nitrogen Dioxide,18.87,9.2,19,Good
2025-09-17,10010,Sulphur Dioxide,4.1,2.2,3,Good
2025-09-17,10010,Carbon Monoxide,222.83,2.0,2,Good
2025-09-17,10010,Overall,,31.0,39,Good
2025-09-18,10010,PM2.5,10.85,46.6,53,Moderate
2025-09-18,10010,PM10,11.66,8.7,10,Good
2025-09-18,10010,Ozone,64.38,30.8,55,Moderate
2025-09-18,10010,Nitrogen Dioxide,31.78,15.7,36,Good
2025-09-18,10010,Sulphur Dioxide,6.35,3.4,5,Good
2025-09-18,10010,Carbon Monoxide,321.08,2.9,3,Good
2025-09-18,10010,Overall,,46.9,55,Moderate
2025-09-19,10010,PM2.5,8.5,53.4,54,Moderate
2025-09-19,10010,PM10,8.64,10.0,11,Good
2025-09-19,10010,Ozone,67.88,31.5,47,Good
2025-09-19,10010,Nitrogen Dioxide,23.32,11.5,29,Good
2025-09-19,10010,Sulphur Dioxide,4.58,2.5,5,Good
2025-09-19,10010,Carbon Monoxide,292.71,3.0,4,Good
2025-09-19,10010,Overall,,53.4,54,Moderate
2025-09-20,10010,PM2.5,4.35,29.7,47,Good
2025-09-20,10010,PM10,4.73,5.0,8,Good
2025-09-20,10010,Ozone,63.08,28.3,41,Good
2025-09-20,10010,Nitrogen Dioxide,17.57,8.6,16,Good
2025-09-20,10010,Sulphur Dioxide,4.6,2.6,3,Good
2025-09-20,10010,Carbon Monoxide,218.08,2.2,3,Good
2025-09-20,10010,Overall,,35.8,47,Good
2025-09-21,10010,PM2.5,7.39,35.8,41,Good
2025-09-21,10010,PM10,8.88,6.8,8,Good
2025-09-21,10010,Ozone,53.25,25.5,38,Good
2025-09-21,10010,Nitrogen Dioxide,22.14,10.8,17,Good
2025-09-21,10010,Sulphur Dioxide,4.52,2.6,3,Good
2025-09-21,10010,Carbon Monoxide,222.0,2.0,2,Good
2025-09-21,10010,Overall,,36.3,41,Good
2025-09-22,10010,PM2.5,14.54,52.2,60,Moderate
2025-09-22,10010,PM10,16.33,11.2,15,Good
2025-09-22,10010,Ozone,41.96,19.3,36,Good
2025-09-22,10010,Nitrogen Dioxide,39.15,19.3,26,Good
2025-09-22,10010,Sulphur Dioxide,8.17,4.5,6,Good
2025-09-22,10010,Carbon Monoxide,261.54,2.6,3,Good
2025-09-22,10010,Overall,,52.2,60,Moderate
2025-09-23,10010,PM2.5,13.47,57.1,60,Moderate
2025-09-23,10010,PM10,14.46,13.0,15,Good
2025-09-23,10010,Ozone,73.29,32.8,65,Moderate
2025-09-23,10010,Nitrogen Dioxide,27.52,13.5,28,Good
2025-09-23,10010,Sulphur Dioxide,7.67,4.1,5,Good
2025-09-23,10010,Carbon Monoxide,223.29,2.0,2,Good
2025-09-23,10010,Overall,,57.7,65,Moderate
2025-09-24,10010,PM2.5,22.33,70.5,78,Moderate
2025-09-24,10010,PM10,22.67,18.4,22,Good
2025-09-24,10010,Ozone,46.58,24.7,43,Good
2025-09-24,10010,Nitrogen Dioxide,48.87,24.0,32,Good
2025-09-24,10010,Sulphur Dioxide,11.15,6.0,10,Good
2025-09-24,10010,Carbon Monoxide,321.96,3.2,4,Good
2025-09-24,10010,Overall,,70.5,78,Moderate
2025-09-25,10010,PM2.5,8.4,59.2,75,Moderate
2025-09-25,10010,PM10,8.98,13.3,21,Good
2025-09-25,10010,Ozone,56.25,23.8,32,Good
2025-09-25,10010,Nitrogen Dioxide,23.06,11.4,15,Good
2025-09-25,10010,Sulphur Dioxide,4.6,2.6,4,Good
2025-09-25,10010,Carbon Monoxide,218.71,2.1,3,Good
2025-09-25,10010,Overall,,59.2,75,Moderate
2025-09-26,10010,PM2.5,11.88,52.1,55,Moderate
2025-09-26,10010,PM10,11.95,9.5,10,Good
2025-09-26,10010,Ozone,57.0,29.7,49,Good
2025-09-26,10010,Nitrogen Dioxide,33.08,16.3,38,Good
2025-09-26,10010,Sulphur Dioxide,6.14,3.2,4,Good
2025-09-26,10010,Carbon Monoxide,328.29,2.7,4,Good
2025-09-26,10010,Overall,,52.1,55,Moderate
2025-09-27,10010,PM2.5,17.37,59.9,65,Moderate
2025-09-27,10010,PM10,17.57,13.1,16,Good
2025-09-27,10010,Ozone,40.25,19.6,34,Good
2025-09-27,10010,Nitrogen Dioxide,51.65,25.4,45,Good
2025-09-27,10010,Sulphur Dioxide,8.28,4.5,7,Good
2025-09-27,10010,Carbon Monoxide,345.17,3.4,4,Good
2025-09-27,10010,Overall,,59.9,65,Moderate
2025-09-28,10010,PM2.5,24.81,77.9,83,Moderate
2025-09-28,10010,PM10,25.09,21.9,25,Good
2025-09-28,10010,Ozone,47.83,20.5,49,Good
2025-09-28,10010,Nitrogen Dioxide,59.24,29.2,45,Good
2025-09-28,10010,Sulphur Dioxide,11.97,6.5,9,Good
2025-09-28,10010,Carbon Monoxide,335.88,3.1,4,Good
2025-09-28,10010,Overall,,77.9,83,Moderate
2025-09-29,10010,PM2.5,17.79,65.2,80,Moderate
2025-09-29,10010,PM10,17.9,15.6,23,Good
2025-09-29,10010,Ozone,45.96,23.4,33,Good
2025-09-29,10010,Nitrogen Dioxide,41.58,20.5,47,Good
2025-09-29,10010,Sulphur Dioxide,7.74,4.2,7,Good
2025-09-29,10010,Carbon Monoxide,360.38,3.4,4,Good
2025-09-29,10010,Overall,,65.2,80,Moderate
2025-09-30,10010,PM2.5,22.71,81.4,86,Moderate
2025-09-30,10010,PM10,22.92,23.5,26,Good
2025-09-30,10010,Ozone,42.0,16.8,40,Good
2025-09-30,10010,Nitrogen Dioxide,48.78,24.0,43,Good
2025-09-30,10010,Sulphur Dioxide,7.18,3.9,7,Good
2025-09-30,10010,Carbon Monoxide,394.83,4.1,5,Good
2025-09-30,10010,Overall,,81.4,86,Moderate
2025-10-01,10010,PM2.5,3.77,47.9,76,Moderate
2025-10-01,10010,PM10,3.81,9.5,21,Good
2025-10-01,10010,Ozone,58.75,26.8,35,Good
2025-10-01,10010,Nitrogen Dioxide,16.54,8.1,18,Good
2025-10-01,10010,Sulphur Dioxide,3.57,2.0,3,Good
2025-10-01,10010,Carbon Monoxide,206.5,2.2,3,Good
2025-10-01,10010,Overall,,48.8,76,Moderate
2025-10-02,10010,PM2.5,6.43,25.8,34,Good
2025-10-02,10010,PM10,6.73,4.3,6,Good
2025-10-02,10010,Ozone,42.08,21.6,31,Good
2025-10-02,10010,Nitrogen Dioxide,27.29,13.5,32,Good
2025-10-02,10010,Sulphur Dioxide,5.11,2.8,4,Good
2025-10-02,10010,Carbon Monoxide,229.12,2.0,2,Good
2025-10-02,10010,Overall,,26.5,34,Good
2025-10-03,10010,PM2.5,12.0,49.6,56,Moderate
2025-10-03,10010,PM10,12.73,9.5,12,Good
2025-10-03,10010,Ozone,49.88,20.6,42,Good
2025-10-03,10010,Nitrogen Dioxide,36.35,18.0,29,Good
2025-10-03,10010,Sulphur Dioxide,8.14,4.3,5,Good
2025-10-03,10010,Carbon Monoxide,275.58,2.5,3,Good
2025-10-03,10010,Overall,,49.6,56,Moderate
2025-10-04,10010,PM2.5,13.67,54.8,58,Moderate
2025-10-04,10010,PM10,13.73,10.7,12,Good
2025-10-04,10010,Ozone,66.79,34.4,76,Moderate
2025-10-04,10010,Nitrogen Dioxide,41.88,20.8,52,Moderate
2025-10-04,10010,Sulphur Dioxide,10.94,5.9,8,Good
2025-10-04,10010,Carbon Monoxide,351.92,3.1,4,Good
2025-10-04,10010,Overall,,56.9,76,Moderate
2025-10-05,10010,PM2.5,18.86,66.4,70,Moderate
2025-10-05,10010,PM10,19.0,16.2,18,Good
2025-10-05,10010,Ozone,62.0,26.4,60,Moderate
2025-10-05,10010,Nitrogen Dioxide,54.68,27.0,43,Good
2025-10-05,10010,Sulphur Dioxide,13.49,7.3,10,Good
2025-10-05,10010,Carbon Monoxide,445.46,4.6,6,Good
2025-10-05,10010,Overall,,66.4,70,Moderate
2025-10-06,10010,PM2.5,13.07,63.8,69,Moderate
2025-10-06,10010,PM10,13.18,14.9,17,Good
2025-10-06,10010,Ozone,72.71,33.8,59,Moderate
2025-10-06,10010,Nitrogen Dioxide,37.43,18.4,27,Good
2025-10-06,10010,Sulphur Dioxide,11.68,6.4,9,Good
2025-10-06,10010,Carbon Monoxide,278.79,2.8,3,Good
2025-10-06,10010,Overall,,63.8,69,Moderate
2025-10-07,10010,PM2.5,8.14,52.9,58,Moderate
2025-10-07,10010,PM10,8.68,9.8,12,Good
2025-10-07,10010,Ozone,68.58,33.3,42,Good
2025-10-07,10010,Nitrogen Dioxide,23.05,11.4,19,Good
2025-10-07,10010,Sulphur Dioxide,7.0,3.8,6,Good
2025-10-07,10010,Carbon Monoxide,198.04,2.0,2,Good
2025-10-07,10010,Overall,,52.9,58,Moderate
2025-10-08,10010,PM2.5,4.52,30.5,45,Good
2025-10-08,10010,PM10,4.72,5.5,8,Good
2025-10-08,10010,Ozone,58.54,28.0,33,Good
2025-10-08,10010,Nitrogen Dioxide,16.25,8.0,17,Good
2025-10-08,10010,Sulphur Dioxide,3.5,1.9,3,Good
2025-10-08,10010,Carbon Monoxide,181.58,1.8,2,Good
2025-10-08,10010,Overall,,33.2,45,Good
2025-10-09,10010,PM2.5,6.82,32.2,37,Good
2025-10-09,10010,PM10,6.95,5.2,6,Good
2025-10-09,10010,Ozone,52.42,25.9,34,Good
2025-10-09,10010,Nitrogen Dioxide,17.26,8.4,25,Good
2025-10-09,10010,Sulphur Dioxide,3.16,1.7,3,Good
2025-10-09,10010,Carbon Monoxide,191.67,2.0,2,Good
2025-10-09,10010,Overall,,32.3,37,Good
2025-10-10,10010,PM2.5,8.3,43.5,48,Good
2025-10-10,10010,PM10,9.24,7.5,9,Good
2025-10-10,10010,Ozone,45.62,20.0,33,Good
2025-10-10,10010,Nitrogen Dioxide,26.2,12.8,21,Good
2025-10-10,10010,Sulphur Dioxide,4.76,2.7,4,Good
2025-10-10,10010,Carbon Monoxide,216.75,2.1,3,Good
2025-10-10,10010,Overall,,43.5,48,Good
2025-10-11,10010,PM2.5,13.18,53.7,58,Moderate
2025-10-11,10010,PM10,15.51,11.6,14,Good
2025-10-11,10010,Ozone,37.33,16.4,29,Good
2025-10-11,10010,Nitrogen Dioxide,34.42,17.0,28,Good
2025-10-11,10010,Sulphur Dioxide,5.96,3.2,6,Good
2025-10-11,10010,Carbon Monoxide,263.04,2.5,3,Good
2025-10-11,10010,Overall,,53.7,58,Moderate
2025-10-12,10010,PM2.5,5.12,45.5,58,Moderate
2025-10-12,10010,PM10,5.68,9.7,14,Good
2025-10-12,10010,Ozone,59.96,27.2,30,Good
2025-10-12,10010,Nitrogen Dioxide,16.04,7.9,11,Good
2025-10-12,10010,Sulphur Dioxide,3.97,2.2,3,Good
2025-10-12,10010,Carbon Monoxide,175.96,2.0,2,Good
2025-10-12,10010,Overall,,45.5,58,Moderate
2025-10-13,10010,PM2.5,2.48,19.3,28,Good
2025-10-13,10010,PM10,2.55,3.3,5,Good
2025-10-13,10010,Ozone,63.5,30.5,36,Good
2025-10-13,10010,Nitrogen Dioxide,13.94,6.8,10,Good
2025-10-13,10010,Sulphur Dioxide,2.87,1.6,2,Good
2025-10-13,10010,Carbon Monoxide,189.38,2.0,2,Good
2025-10-13,10010,Overall,,30.5,36,Good
2025-10-14,10010,PM2.5,4.05,16.2,22,Good
2025-10-14,10010,PM10,4.28,2.7,4,Good
2025-10-14,10010,Ozone,50.79,24.8,27,Good
2025-10-14,10010,Nitrogen Dioxide,16.83,8.2,13,Good
2025-10-14,10010,Sulphur Dioxide,3.58,2.0,2,Good
2025-10-14,10010,Carbon Monoxide,207.12,2.0,2,Good
2025-10-14,10010,Overall,,24.9,27,Good
2025-10-15,10010,PM2.5,8.9,38.9,51,Moderate
2025-10-15,10010,PM10,9.0,6.6,9,Good
2025-10-15,10010,Ozone,49.92,22.8,30,Good
2025-10-15,10010,Nitrogen Dioxide,18.34,9.0,16,Good
2025-10-15,10010,Sulphur Dioxide,3.98,2.1,4,Good
2025-10-15,10010,Carbon Monoxide,240.67,2.2,3,Good
2025-10-15,10010,Overall,,38.9,51,Moderate
2025-10-16,10010,PM2.5,3.11,33.1,49,Good
2025-10-16,10010,PM10,3.15,5.5,8,Good
2025-10-16,10010,Ozone,58.58,25.4,33,Good
2025-10-16,10010,Nitrogen Dioxide,10.86,5.3,8,Good
2025-10-16,10010,Sulphur Dioxide,2.32,1.2,2,Good
2025-10-16,10010,Carbon Monoxide,196.25,2.0,2,Good
2025-10-16,10010,Overall,,37.1,49,Good
2025-10-17,10010,PM2.5,5.52,17.0,28,Good
2025-10-17,10010,PM10,5.59,2.9,5,Good
2025-10-17,10010,Ozone,45.92,25.4,31,Good
2025-10-17,10010,Nitrogen Dioxide,22.2,11.0,34,Good
2025-10-17,10010,Sulphur Dioxide,3.29,1.7,3,Good
2025-10-17,10010,Carbon Monoxide,333.67,2.4,5,Good
2025-10-17,10010,Overall,,27.0,34,Good
2025-10-18,10010,PM2.5,12.42,47.2,57,Moderate
2025-10-18,10010,PM10,12.57,8.4,11,Good
2025-10-18,10010,Ozone,28.62,13.5,24,Good
2025-10-18,10010,Nitrogen Dioxide,41.55,20.5,37,Good
2025-10-18,10010,Sulphur Dioxide,8.37,4.5,7,Good
2025-10-18,10010,Carbon Monoxide,316.42,3.7,6,Good
2025-10-18,10010,Overall,,47.2,57,Moderate
2025-10-19,10010,PM2.5,9.8,56.8,58,Moderate
2025-10-19,10010,PM10,11.16,12.1,13,Good
2025-10-19,10010,Ozone,66.29,23.1,48,Good
2025-10-19,10010,Nitrogen Dioxide,29.04,14.2,33,Good
2025-10-19,10010,Sulphur Dioxide,6.74,3.8,7,Good
2025-10-19,10010,Carbon Monoxide,220.42,2.5,3,Good
2025-10-19,10010,Overall,,56.8,58,Moderate
2025-10-20,10010,PM2.5,4.79,35.0,52,Moderate
2025-10-20,10010,PM10,5.24,6.8,10,Good
2025-10-20,10010,Ozone,67.62,35.4,47,Good
2025-10-20,10010,Nitrogen Dioxide,13.28,6.5,12,Good
2025-10-20,10010,Sulphur Dioxide,3.79,2.0,4,Good
2025-10-20,10010,Carbon Monoxide,164.88,1.8,2,Good
2025-10-20,10010,Overall,,37.0,52,Moderate
2025-10-21,10010,PM2.5,8.23,38.1,46,Good
2025-10-21,10010,PM10,8.61,6.5,8,Good
2025-10-21,10010,Ozone,49.96,22.4,32,Good
2025-10-21,10010,Nitrogen Dioxide,23.93,11.8,24,Good
2025-10-21,10010,Sulphur Dioxide,7.85,4.4,7,Good
2025-10-21,10010,Carbon Monoxide,205.67,2.0,2,Good
2025-10-21,10010,Overall,,38.1,46,Good
2025-10-22,10010,PM2.5,13.26,53.5,57,Moderate
2025-10-22,10010,PM10,13.47,10.5,12,Good
2025-10-22,10010,Ozone,57.04,29.2,33,Good
2025-10-22,10010,Nitrogen Dioxide,25.82,12.6,25,Good
2025-10-22,10010,Sulphur Dioxide,7.03,3.8,5,Good
2025-10-22,10010,Carbon Monoxide,221.54,2.0,2,Good
2025-10-22,10010,Overall,,53.5,57,Moderate
2025-10-23,10010,PM2.5,9.12,54.5,59,Moderate
2025-10-23,10010,PM10,9.17,10.3,13,Good
2025-10-23,10010,Ozone,36.92,17.2,24,Good
2025-10-23,10010,Nitrogen Dioxide,20.84,10.3,21,Good
2025-10-23,10010,Sulphur Dioxide,7.54,4.1,5,Good
2025-10-23,10010,Carbon Monoxide,215.38,2.0,2,Good
2025-10-23,10010,Overall,,54.5,59,Moderate
2025-10-24,10010,PM2.5,8.31,44.4,50,Good
2025-10-24,10010,PM10,8.37,7.1,8,Good
2025-10-24,10010,Ozone,32.62,15.8,26,Good
2025-10-24,10010,Nitrogen Dioxide,23.3,11.5,23,Good
2025-10-24,10010,Sulphur Dioxide,6.29,3.5,5,Good
2025-10-24,10010,Carbon Monoxide,236.17,2.0,3,Good
2025-10-24,10010,Overall,,44.4,50,Good
2025-10-25,10010,PM2.5,9.8,47.0,51,Moderate
2025-10-25,10010,PM10,9.9,7.8,9,Good
2025-10-25,10010,Ozone,34.38,16.4,29,Good
2025-10-25,10010,Nitrogen Dioxide,27.57,13.5,30,Good
2025-10-25,10010,Sulphur Dioxide,3.96,2.1,3,Good
2025-10-25,10010,Carbon Monoxide,351.12,2.4,5,Good
2025-10-25,10010,Overall,,47.0,51,Moderate
2025-10-26,10010,PM2.5,16.05,60.6,64,Moderate
2025-10-26,10010,PM10,16.3,13.4,15,Good
2025-10-26,10010,Ozone,29.71,13.9,32,Good
2025-10-26,10010,Nitrogen Dioxide,40.53,20.0,37,Good
2025-10-26,10010,Sulphur Dioxide,5.27,2.8,4,Good
2025-10-26,10010,Carbon Monoxide,326.58,3.8,7,Good
2025-10-26,10010,Overall,,60.6,64,Moderate
2025-10-27,10010,PM2.5,7.43,54.0,63,Moderate
2025-10-27,10010,PM10,7.55,10.3,15,Good
2025-10-27,10010,Ozone,35.42,16.0,29,Good
2025-10-27,10010,Nitrogen Dioxide,31.31,15.4,30,Good
2025-10-27,10010,Sulphur Dioxide,4.74,2.8,4,Good
2025-10-27,10010,Carbon Monoxide,272.46,2.9,4,Good
2025-10-27,10010,Overall,,54.0,63,Moderate
2025-10-28,10010,PM2.5,6.42,39.3,41,Good
2025-10-28,10010,PM10,6.5,6.6,7,Good
2025-10-28,10010,Ozone,36.96,15.3,23,Good
2025-10-28,10010,Nitrogen Dioxide,20.18,10.0,21,Good
2025-10-28,10010,Sulphur Dioxide,3.66,2.0,3,Good
2025-10-28,10010,Carbon Monoxide,212.29,2.0,2,Good
2025-10-28,10010,Overall,,39.3,41,Good
2025-10-29,10010,PM2.5,5.55,28.9,36,Good
2025-10-29,10010,PM10,6.34,5.1,6,Good
2025-10-29,10010,Ozone,37.04,18.4,21,Good
2025-10-29,10010,Nitrogen Dioxide,21.16,10.5,19,Good
2025-10-29,10010,Sulphur Dioxide,4.18,2.4,3,Good
2025-10-29,10010,Carbon Monoxide,214.71,2.0,2,Good
2025-10-29,10010,Overall,,28.9,36,Good
2025-10-30,10010,PM2.5,4.6,29.5,32,Good
2025-10-30,10010,PM10,5.5,5.6,6,Good
2025-10-30,10010,Ozone,52.12,22.9,31,Good
2025-10-30,10010,Nitrogen Dioxide,18.38,9.0,16,Good
2025-10-30,10010,Sulphur Dioxide,2.72,1.4,2,Good
2025-10-30,10010,Carbon Monoxide,178.38,2.0,2,Good
2025-10-30,10010,Overall,,30.2,32,Good
2025-10-31,10010,PM2.5,5.83,30.2,33,Good
2025-10-31,10010,PM10,5.88,5.3,6,Good
2025-10-31,10010,Ozone,56.42,23.2,35,Good
2025-10-31,10010,Nitrogen Dioxide,13.08,6.5,13,Good
2025-10-31,10010,Sulphur Dioxide,6.27,3.4,8,Good
2025-10-31,10010,Carbon Monoxide,201.0,2.0,2,Good
2025-10-31,10010,Overall,,30.7,35,Good
2025-11-01,10010,PM2.5,6.52,24.8,32,Good
2025-11-01,10010,PM10,6.57,4.2,5,Good
2025-11-01,10010,Ozone,60.46,32.7,36,Good
2025-11-01,10010,Nitrogen Dioxide,17.69,8.7,27,Good
2025-11-01,10010,Sulphur Dioxide,2.68,1.4,3,Good
2025-11-01,10010,Carbon Monoxide,216.29,2.0,3,Good
2025-11-01,10010,Overall,,33.4,36,Good
2025-11-02,10010,PM2.5,15.1,55.4,63,Moderate
2025-11-02,10010,PM10,15.23,11.2,14,Good
2025-11-02,10010,Ozone,19.88,10.5,17,Good
2025-11-02,10010,Nitrogen Dioxide,40.48,20.0,34,Good
2025-11-02,10010,Sulphur Dioxide,8.41,4.5,7,Good
2025-11-02,10010,Carbon Monoxide,304.12,3.0,4,Good
2025-11-02,10010,Overall,,55.4,63,Moderate
2025-11-03,10010,PM2.5,14.25,62.0,65,Moderate
2025-11-03,10010,PM10,15.35,14.5,16,Good
2025-11-03,10010,Ozone,33.5,11.7,27,Good
2025-11-03,10010,Nitrogen Dioxide,41.65,20.5,33,Good
2025-11-03,10010,Sulphur Dioxide,8.82,4.8,7,Good
2025-11-03,10010,Carbon Monoxide,306.08,3.0,4,Good
2025-11-03,10010,Overall,,62.0,65,Moderate
2025-11-04,10010,PM2.5,4.17,40.3,60,Moderate
2025-11-04,10010,PM10,4.27,8.0,14,Good
2025-11-04,10010,Ozone,57.62,28.6,34,Good
2025-11-04,10010,Nitrogen Dioxide,18.1,8.8,27,Good
2025-11-04,10010,Sulphur Dioxide,3.6,2.0,3,Good
2025-11-04,10010,Carbon Monoxide,212.83,2.0,3,Good
2025-11-04,10010,Overall,,42.7,60,Moderate
2025-11-05,10010,PM2.5,8.8,39.1,51,Moderate
2025-11-05,10010,PM10,8.91,6.5,9,Good
2025-11-05,10010,Ozone,43.88,16.6,32,Good
2025-11-05,10010,Nitrogen Dioxide,30.45,15.0,24,Good
2025-11-05,10010,Sulphur Dioxide,9.47,5.0,8,Good
2025-11-05,10010,Carbon Monoxide,275.46,2.7,3,Good
2025-11-05,10010,Overall,,39.1,51,Moderate
2025-11-06,10010,PM2.5,3.41,30.3,49,Good
2025-11-06,10010,PM10,3.48,5.0,8,Good
2025-11-06,10010,Ozone,58.25,29.4,33,Good
2025-11-06,10010,Nitrogen Dioxide,12.64,6.2,15,Good
2025-11-06,10010,Sulphur Dioxide,3.03,1.7,4,Good
2025-11-06,10010,Carbon Monoxide,199.79,2.0,2,Good
2025-11-06,10010,Overall,,35.2,49,Good
2025-11-07,10010,PM2.5,13.28,49.7,60,Moderate
2025-11-07,10010,PM10,13.67,10.0,13,Good
2025-11-07,10010,Ozone,41.96,16.6,37,Good
2025-11-07,10010,Nitrogen Dioxide,33.7,16.6,29,Good
2025-11-07,10010,Sulphur Dioxide,6.7,3.7,6,Good
2025-11-07,10010,Carbon Monoxide,281.54,2.9,4,Good
2025-11-07,10010,Overall,,50.1,60,Moderate
2025-11-08,10010,PM2.5,14.55,48.4,58,Moderate
2025-11-08,10010,PM10,14.63,8.8,12,Good
2025-11-08,10010,Ozone,46.83,27.5,36,Good
2025-11-08,10010,Nitrogen Dioxide,30.72,15.2,32,Good
2025-11-08,10010,Sulphur Dioxide,6.49,3.5,5,Good
2025-11-08,10010,Carbon Monoxide,324.88,2.4,5,Good
2025-11-08,10010,Overall,,48.4,58,Moderate
2025-11-09,10010,PM2.5,18.21,69.1,73,Moderate
2025-11-09,10010,PM10,19.76,17.9,20,Good
2025-11-09,10010,Ozone,32.62,14.2,36,Good
2025-11-09,10010,Nitrogen Dioxide,51.36,25.3,41,Good
2025-11-09,10010,Sulphur Dioxide,7.03,3.8,6,Good
2025-11-09,10010,Carbon Monoxide,348.5,3.5,6,Good
2025-11-09,10010,Overall,,69.1,73,Moderate
2025-11-10,10010,PM2.5,13.11,65.6,68,Moderate
2025-11-10,10010,PM10,13.22,16.7,19,Good
2025-11-10,10010,Ozone,25.75,9.8,20,Good
2025-11-10,10010,Nitrogen Dioxide,42.5,21.0,41,Good
2025-11-10,10010,Sulphur Dioxide,7.51,4.1,7,Good
2025-11-10,10010,Carbon Monoxide,381.0,4.3,6,Good
2025-11-10,10010,Overall,,65.6,68,Moderate
2025-11-11,10010,PM2.5,3.31,34.0,58,Moderate
2025-11-11,10010,PM10,3.6,6.0,12,Good
2025-11-11,10010,Ozone,60.38,27.0,30,Good
2025-11-11,10010,Nitrogen Dioxide,10.41,5.1,7,Good
2025-11-11,10010,Sulphur Dioxide,3.0,1.5,2,Good
2025-11-11,10010,Carbon Monoxide,176.21,2.0,2,Good
2025-11-11,10010,Overall,,38.5,58,Moderate
2025-11-12,10010,PM2.5,10.54,33.6,52,Moderate
2025-11-12,10010,PM10,10.67,5.7,9,Good
2025-11-12,10010,Ozone,36.71,19.8,27,Good
2025-11-12,10010,Nitrogen Dioxide,25.56,12.6,23,Good
2025-11-12,10010,Sulphur Dioxide,9.22,5.0,6,Good
2025-11-12,10010,Carbon Monoxide,227.25,2.0,2,Good
2025-11-12,10010,Overall,,34.6,52,Moderate
2025-11-13,10010,PM2.5,6.62,50.9,55,Moderate
2025-11-13,10010,PM10,6.67,9.1,11,Good
2025-11-13,10010,Ozone,48.5,20.5,30,Good
2025-11-13,10010,Nitrogen Dioxide,17.32,8.5,14,Good
2025-11-13,10010,Sulphur Dioxide,4.12,2.3,5,Good
2025-11-13,10010,Carbon Monoxide,230.17,2.0,2,Good
2025-11-13,10010,Overall,,50.9,55,Moderate
2025-11-14,10010,PM2.5,6.56,29.4,37,Good
2025-11-14,10010,PM10,6.78,4.8,6,Good
2025-11-14,10010,Ozone,50.08,24.9,29,Good
2025-11-14,10010,Nitrogen Dioxide,22.42,11.0,28,Good
2025-11-14,10010,Sulphur Dioxide,3.99,2.1,4,Good
2025-11-14,10010,Carbon Monoxide,250.75,2.1,3,Good
2025-11-14,10010,Overall,,29.7,37,Good
2025-11-15,10010,PM2.5,11.09,49.1,55,Moderate
2025-11-15,10010,PM10,11.39,9.0,11,Good
2025-11-15,10010,Ozone,31.54,14.9,22,Good
2025-11-15,10010,Nitrogen Dioxide,37.56,18.6,33,Good
2025-11-15,10010,Sulphur Dioxide,7.4,4.0,7,Good
2025-11-15,10010,Carbon Monoxide,304.38,3.1,4,Good
2025-11-15,10010,Overall,,49.1,55,Moderate
2025-11-16,10010,PM2.5,5.51,48.9,55,Moderate
2025-11-16,10010,PM10,5.59,8.7,11,Good
2025-11-16,10010,Ozone,57.92,23.8,33,Good
2025-11-16,10010,Nitrogen Dioxide,14.1,7.0,17,Good
2025-11-16,10010,Sulphur Dioxide,4.07,2.0,4,Good
2025-11-16,10010,Carbon Monoxide,207.17,2.2,3,Good
2025-11-16,10010,Overall,,48.9,55,Moderate
2025-11-17,10010,PM2.5,4.6,20.7,31,Good
2025-11-17,10010,PM10,4.73,3.5,5,Good
2025-11-17,10010,Ozone,57.75,27.6,29,Good
2025-11-17,10010,Nitrogen Dioxide,10.31,5.0,10,Good
2025-11-17,10010,Sulphur Dioxide,2.18,1.1,2,Good
2025-11-17,10010,Carbon Monoxide,196.58,2.0,2,Good
2025-11-17,10010,Overall,,27.7,31,Good
2025-11-18,10010,PM2.5,5.56,24.2,28,Good
2025-11-18,10010,PM10,5.58,4.0,5,Good
2025-11-18,10010,Ozone,40.04,21.7,25,Good
2025-11-18,10010,Nitrogen Dioxide,22.54,11.0,27,Good
2025-11-18,10010,Sulphur Dioxide,4.33,2.3,5,Good
2025-11-18,10010,Carbon Monoxide,251.25,2.1,3,Good
2025-11-18,10010,Overall,,24.8,28,Good
2025-11-19,10010,PM2.5,22.32,54.8,74,Moderate
2025-11-19,10010,PM10,22.44,11.5,20,Good
2025-11-19,10010,Ozone,12.92,6.8,12,Good
2025-11-19,10010,Nitrogen Dioxide,48.77,24.0,32,Good
2025-11-19,10010,Sulphur Dioxide,12.37,6.7,8,Good
2025-11-19,10010,Carbon Monoxide,486.38,3.8,7,Good
2025-11-19,10010,Overall,,54.8,74,Moderate
2025-11-20,10010,PM2.5,22.39,76.1,79,Moderate
2025-11-20,10010,PM10,22.63,21.0,22,Good
2025-11-20,10010,Ozone,11.29,5.4,13,Good
2025-11-20,10010,Nitrogen Dioxide,52.89,26.1,33,Good
2025-11-20,10010,Sulphur Dioxide,12.78,7.0,13,Good
2025-11-20,10010,Carbon Monoxide,525.5,5.0,8,Good
2025-11-20,10010,Overall,,76.1,79,Moderate
2025-11-21,10010,PM2.5,26.45,83.2,88,Moderate
2025-11-21,10010,PM10,26.75,24.5,27,Good
2025-11-21,10010,Ozone,9.62,4.3,12,Good
2025-11-21,10010,Nitrogen Dioxide,51.38,25.3,32,Good
2025-11-21,10010,Sulphur Dioxide,16.05,8.8,13,Good
2025-11-21,10010,Carbon Monoxide,582.58,6.3,10,Good
2025-11-21,10010,Overall,,83.2,88,Moderate
2025-11-22,10010,PM2.5,17.23,79.0,86,Moderate
2025-11-22,10010,PM10,17.28,22.2,25,Good
2025-11-22,10010,Ozone,17.21,5.5,17,Good
2025-11-22,10010,Nitrogen Dioxide,36.5,18.0,23,Good
2025-11-22,10010,Sulphur Dioxide,9.15,5.0,9,Good
2025-11-22,10010,Carbon Monoxide,397.71,4.3,5,Good
2025-11-22,10010,Overall,,79.0,86,Moderate
2025-11-23,10010,PM2.5,17.82,60.0,66,Moderate
2025-11-23,10010,PM10,17.96,13.1,16,Good
2025-11-23,10010,Ozone,13.21,7.4,15,Good
2025-11-23,10010,Nitrogen Dioxide,49.19,24.2,28,Good
2025-11-23,10010,Sulphur Dioxide,9.53,5.2,8,Good
2025-11-23,10010,Carbon Monoxide,388.96,3.7,5,Good
2025-11-23,10010,Overall,,60.0,66,Moderate
2025-11-24,10010,PM2.5,14.46,58.8,67,Moderate
2025-11-24,10010,PM10,14.55,12.4,16,Good
2025-11-24,10010,Ozone,31.79,15.4,23,Good
2025-11-24,10010,Nitrogen Dioxide,25.14,12.4,27,Good
2025-11-24,10010,Sulphur Dioxide,5.53,3.0,9,Good
2025-11-24,10010,Carbon Monoxide,404.12,2.9,6,Good
2025-11-24,10010,Overall,,58.8,67,Moderate
2025-11-25,10010,PM2.5,16.3,71.1,77,Moderate
2025-11-25,10010,PM10,17.35,18.9,22,Good
2025-11-25,10010,Ozone,13.67,4.2,9,Good
2025-11-25,10010,Nitrogen Dioxide,48.65,24.0,31,Good
2025-11-25,10010,Sulphur Dioxide,8.55,4.7,8,Good
2025-11-25,10010,Carbon Monoxide,385.5,5.0,9,Good
2025-11-25,10010,Overall,,71.1,77,Moderate
2025-11-26,10010,PM2.5,14.67,56.0,64,Moderate
2025-11-26,10010,PM10,14.88,11.9,16,Good
2025-11-26,10010,Ozone,33.08,16.6,28,Good
2025-11-26,10010,Nitrogen Dioxide,36.65,18.1,32,Good
2025-11-26,10010,Sulphur Dioxide,9.23,5.1,7,Good
2025-11-26,10010,Carbon Monoxide,285.25,2.5,3,Good
2025-11-26,10010,Overall,,56.0,64,Moderate
2025-11-27,10010,PM2.5,5.73,53.0,61,Moderate
2025-11-27,10010,PM10,5.8,10.5,14,Good
2025-11-27,10010,Ozone,52.5,22.0,27,Good
2025-11-27,10010,Nitrogen Dioxide,16.08,8.0,13,Good
2025-11-27,10010,Sulphur Dioxide,6.03,3.2,5,Good
2025-11-27,10010,Carbon Monoxide,214.33,2.2,3,Good
2025-11-27,10010,Overall,,53.0,61,Moderate
2025-11-28,10010,PM2.5,3.94,26.6,32,Good
2025-11-28,10010,PM10,3.98,4.4,5,Good
2025-11-28,10010,Ozone,59.38,25.7,32,Good
2025-11-28,10010,Nitrogen Dioxide,14.02,6.9,11,Good
2025-11-28,10010,Sulphur Dioxide,4.83,2.7,4,Good
2025-11-28,10010,Carbon Monoxide,186.92,2.0,2,Good
2025-11-28,10010,Overall,,29.3,32,Good
2025-11-29,10010,PM2.5,9.25,25.1,46,Good
2025-11-29,10010,PM10,9.46,4.2,8,Good
2025-11-29,10010,Ozone,53.12,29.2,33,Good
2025-11-29,10010,Nitrogen Dioxide,25.97,12.8,37,Good
2025-11-29,10010,Sulphur Dioxide,4.02,2.2,5,Good
2025-11-29,10010,Carbon Monoxide,235.42,2.1,3,Good
2025-11-29,10010,Overall,,32.2,46,Good
2025-11-30,10010,PM2.5,15.94,62.8,69,Moderate
2025-11-30,10010,PM10,17.0,15.0,18,Good
2025-11-30,10010,Ozone,22.71,9.1,19,Good
2025-11-30,10010,Nitrogen Dioxide,50.56,24.9,37,Good
2025-11-30,10010,Sulphur Dioxide,7.17,3.9,5,Good
2025-11-30,10010,Carbon Monoxide,278.88,3.0,4,Good
2025-11-30,10010,Overall,,62.8,69,Moderate
2025-12-01,10010,PM2.5,7.17,46.1,63,Moderate
2025-12-01,10010,PM10,7.31,8.8,15,Good
2025-12-01,10010,Ozone,45.62,22.5,32,Good
2025-12-01,10010,Nitrogen Dioxide,25.52,12.5,35,Good
2025-12-01,10010,Sulphur Dioxide,4.87,2.7,5,Good
2025-12-01,10010,Carbon Monoxide,269.0,2.1,3,Good
2025-12-01,10010,Overall,,46.4,63,Moderate
2025-12-02,10010,PM2.5,19.62,62.1,74,Moderate
2025-12-02,10010,PM10,20.47,14.8,21,Good
2025-12-02,10010,Ozone,10.62,3.1,12,Good
2025-12-02,10010,Nitrogen Dioxide,55.1,27.2,34,Good
2025-12-02,10010,Sulphur Dioxide,7.06,3.9,6,Good
2025-12-02,10010,Carbon Monoxide,397.21,4.0,5,Good
2025-12-02,10010,Overall,,62.1,74,Moderate
2025-12-03,10010,PM2.5,9.63,50.8,70,Moderate
2025-12-03,10010,PM10,9.75,10.7,19,Good
2025-12-03,10010,Ozone,43.04,22.0,27,Good
2025-12-03,10010,Nitrogen Dioxide,32.01,15.8,39,Good
2025-12-03,10010,Sulphur Dioxide,6.21,3.4,6,Good
2025-12-03,10010,Carbon Monoxide,288.67,2.5,4,Good
2025-12-03,10010,Overall,,51.0,70,Moderate
2025-12-04,10010,PM2.5,11.62,61.2,67,Moderate
2025-12-04,10010,PM10,11.66,13.6,16,Good
2025-12-04,10010,Ozone,47.42,17.1,30,Good
2025-12-04,10010,Nitrogen Dioxide,27.35,13.5,31,Good
2025-12-04,10010,Sulphur Dioxide,8.05,4.3,8,Good
2025-12-04,10010,Carbon Monoxide,267.62,3.0,4,Good
2025-12-04,10010,Overall,,61.2,67,Moderate
2025-12-05,10010,PM2.5,7.41,32.3,55,Moderate
2025-12-05,10010,PM10,8.04,5.6,11,Good
2025-12-05,10010,Ozone,45.46,26.2,33,Good
2025-12-05,10010,Nitrogen Dioxide,32.43,15.9,35,Good
2025-12-05,10010,Sulphur Dioxide,5.71,3.1,5,Good
2025-12-05,10010,Carbon Monoxide,267.25,2.2,3,Good
2025-12-05,10010,Overall,,34.8,55,Moderate
2025-12-06,10010,PM2.5,21.65,61.8,74,Moderate
2025-12-06,10010,PM10,22.82,15.2,21,Good
2025-12-06,10010,Ozone,8.83,4.3,10,Good
2025-12-06,10010,Nitrogen Dioxide,58.3,28.6,35,Good
2025-12-06,10010,Sulphur Dioxide,12.58,6.9,8,Good
2025-12-06,10010,Carbon Monoxide,407.92,4.0,4,Good
2025-12-06,10010,Overall,,61.8,74,Moderate
2025-12-07,10010,PM2.5,19.46,71.2,74,Moderate
2025-12-07,10010,PM10,19.8,19.0,21,Good
2025-12-07,10010,Ozone,23.88,10.7,18,Good
2025-12-07,10010,Nitrogen Dioxide,42.09,20.6,31,Good
2025-12-07,10010,Sulphur Dioxide,9.53,5.2,8,Good
2025-12-07,10010,Carbon Monoxide,372.25,3.6,4,Good
2025-12-07,10010,Overall,,71.2,74,Moderate
2025-12-08,10010,PM2.5,6.91,60.5,71,Moderate
2025-12-08,10010,PM10,7.35,13.7,18,Good
2025-12-08,10010,Ozone,53.38,21.7,32,Good
2025-12-08,10010,Nitrogen Dioxide,21.43,10.5,23,Good
2025-12-08,10010,Sulphur Dioxide,4.79,2.6,7,Good
2025-12-08,10010,Carbon Monoxide,226.04,2.5,4,Good
2025-12-08,10010,Overall,,60.5,71,Moderate
2025-12-09,10010,PM2.5,9.08,38.7,50,Good
2025-12-09,10010,PM10,9.9,7.0,9,Good
2025-12-09,10010,Ozone,43.96,20.7,24,Good
2025-12-09,10010,Nitrogen Dioxide,33.59,16.4,27,Good
2025-12-09,10010,Sulphur Dioxide,7.21,3.9,6,Good
2025-12-09,10010,Carbon Monoxide,256.54,2.5,3,Good
2025-12-09,10010,Overall,,38.7,50,Good
2025-12-10,10010,PM2.5,11.84,52.8,55,Moderate
2025-12-10,10010,PM10,12.0,10.0,11,Good
2025-12-10,10010,Ozone,35.33,18.3,25,Good
2025-12-10,10010,Nitrogen Dioxide,29.57,14.5,23,Good
2025-12-10,10010,Sulphur Dioxide,9.84,5.4,7,Good
2025-12-10,10010,Carbon Monoxide,243.92,2.3,3,Good
2025-12-10,10010,Overall,,52.8,55,Moderate
2025-12-11,10010,PM2.5,4.57,45.4,56,Moderate
2025-12-11,10010,PM10,4.63,8.2,11,Good
2025-12-11,10010,Ozone,55.12,22.2,33,Good
2025-12-11,10010,Nitrogen Dioxide,15.78,7.7,18,Good
2025-12-11,10010,Sulphur Dioxide,4.17,2.2,5,Good
2025-12-11,10010,Carbon Monoxide,208.58,2.3,3,Good
2025-12-11,10010,Overall,,45.9,56,Moderate
2025-12-12,10010,PM2.5,5.35,21.0,28,Good
2025-12-12,10010,PM10,5.67,3.6,5,Good
2025-12-12,10010,Ozone,54.92,28.2,30,Good
2025-12-12,10010,Nitrogen Dioxide,21.62,10.6,27,Good
2025-12-12,10010,Sulphur Dioxide,4.49,2.3,5,Good
2025-12-12,10010,Carbon Monoxide,208.92,2.0,2,Good
2025-12-12,10010,Overall,,28.8,30,Good
2025-12-13,10010,PM2.5,20.4,54.1,70,Moderate
2025-12-13,10010,PM10,20.67,11.6,18,Good
2025-12-13,10010,Ozone,16.21,9.5,17,Good
2025-12-13,10010,Nitrogen Dioxide,48.08,23.7,31,Good
2025-12-13,10010,Sulphur Dioxide,13.18,7.1,9,Good
2025-12-13,10010,Carbon Monoxide,337.0,3.0,4,Good
2025-12-13,10010,Overall,,54.1,70,Moderate
2025-12-14,10010,PM2.5,19.66,79.7,86,Moderate
2025-12-14,10010,PM10,19.79,22.6,26,Good
2025-12-14,10010,Ozone,31.0,9.8,28,Good
2025-12-14,10010,Nitrogen Dioxide,34.56,17.0,27,Good
2025-12-14,10010,Sulphur Dioxide,7.67,4.1,9,Good
2025-12-14,10010,Carbon Monoxide,313.38,3.4,4,Good
2025-12-14,10010,Overall,,79.7,86,Moderate
2025-12-15,10010,PM2.5,6.3,39.6,70,Moderate
2025-12-15,10010,PM10,6.52,8.1,18,Good
2025-12-15,10010,Ozone,49.62,26.5,29,Good
2025-12-15,10010,Nitrogen Dioxide,23.4,11.5,30,Good
2025-12-15,10010,Sulphur Dioxide,3.0,1.8,3,Good
2025-12-15,10010,Carbon Monoxide,221.21,2.0,3,Good
2025-12-15,10010,Overall,,41.8,70,Moderate
2025-12-16,10010,PM2.5,22.94,56.2,75,Moderate
2025-12-16,10010,PM10,23.05,12.0,20,Good
2025-12-16,10010,Ozone,23.25,11.8,19,Good
2025-12-16,10010,Nitrogen Dioxide,48.39,23.8,36,Good
2025-12-16,10010,Sulphur Dioxide,11.81,6.5,10,Good
2025-12-16,10010,Carbon Monoxide,431.71,3.9,5,Good
2025-12-16,10010,Overall,,56.2,75,Moderate
2025-12-17,10010,PM2.5,21.79,81.1,85,Moderate
2025-12-17,10010,PM10,22.07,23.3,25,Good
2025-12-17,10010,Ozone,24.5,10.1,18,Good
2025-12-17,10010,Nitrogen Dioxide,46.88,23.0,33,Good
2025-12-17,10010,Sulphur Dioxide,8.38,4.5,7,Good
2025-12-17,10010,Carbon Monoxide,347.46,3.5,5,Good
2025-12-17,10010,Overall,,81.1,85,Moderate
2025-12-18,10010,PM2.5,20.99,72.6,75,Moderate
2025-12-18,10010,PM10,23.2,19.7,21,Good
2025-12-18,10010,Ozone,18.17,9.5,15,Good
2025-12-18,10010,Nitrogen Dioxide,55.1,27.2,37,Good
2025-12-18,10010,Sulphur Dioxide,6.75,3.7,8,Good
2025-12-18,10010,Carbon Monoxide,370.92,3.7,5,Good
2025-12-18,10010,Overall,,72.6,75,Moderate
2025-12-19,10010,PM2.5,6.4,59.5,73,Moderate
2025-12-19,10010,PM10,8.2,15.9,21,Good
2025-12-19,10010,Ozone,58.29,23.8,32,Good
2025-12-19,10010,Nitrogen Dioxide,18.95,9.5,28,Good
2025-12-19,10010,Sulphur Dioxide,3.98,2.1,4,Good
2025-12-19,10010,Carbon Monoxide,177.88,1.9,3,Good
2025-12-19,10010,Overall,,59.5,73,Moderate
2025-12-20,10010,PM2.5,8.73,28.0,47,Good
2025-12-20,10010,PM10,8.84,5.0,8,Good
2025-12-20,10010,Ozone,39.12,21.2,26,Good
2025-12-20,10010,Nitrogen Dioxide,28.69,14.1,31,Good
2025-12-20,10010,Sulphur Dioxide,5.95,3.2,6,Good
2025-12-20,10010,Carbon Monoxide,254.5,2.2,3,Good
2025-12-20,10010,Overall,,29.3,47,Good
2025-12-21,10010,PM2.5,5.86,48.2,52,Moderate
2025-12-21,10010,PM10,5.92,8.2,9,Good
2025-12-21,10010,Ozone,43.12,16.6,27,Good
2025-12-21,10010,Nitrogen Dioxide,23.1,11.4,21,Good
2025-12-21,10010,Sulphur Dioxide,6.51,3.6,7,Good
2025-12-21,10010,Carbon Monoxide,228.71,2.3,3,Good
2025-12-21,10010,Overall,,48.2,52,Moderate
2025-12-22,10010,PM2.5,7.65,31.6,41,Good
2025-12-22,10010,PM10,7.81,5.3,7,Good
2025-12-22,10010,Ozone,38.92,21.5,26,Good
2025-12-22,10010,Nitrogen Dioxide,29.07,14.3,30,Good
2025-12-22,10010,Sulphur Dioxide,5.92,3.3,7,Good
2025-12-22,10010,Carbon Monoxide,250.79,2.1,3,Good
2025-12-22,10010,Overall,,31.6,41,Good
2025-12-23,10010,PM2.5,17.88,56.1,66,Moderate
2025-12-23,10010,PM10,18.66,11.8,17,Good
2025-12-23,10010,Ozone,11.42,6.0,10,Good
2025-12-23,10010,Nitrogen Dioxide,54.1,26.6,36,Good
2025-12-23,10010,Sulphur Dioxide,11.81,6.4,8,Good
2025-12-23,10010,Carbon Monoxide,375.5,3.2,4,Good
2025-12-23,10010,Overall,,56.1,66,Moderate
2025-12-24,10010,PM2.5,10.91,62.5,69,Moderate
2025-12-24,10010,PM10,11.09,14.9,18,Good
2025-12-24,10010,Ozone,33.88,14.8,26,Good
2025-12-24,10010,Nitrogen Dioxide,27.67,13.7,30,Good
2025-12-24,10010,Sulphur Dioxide,4.9,2.8,6,Good
2025-12-24,10010,Carbon Monoxide,289.96,2.9,5,Good
2025-12-24,10010,Overall,,62.5,69,Moderate
2025-12-25,10010,PM2.5,16.59,63.7,70,Moderate
2025-12-25,10010,PM10,16.64,14.9,18,Good
2025-12-25,10010,Ozone,26.92,8.2,25,Good
2025-12-25,10010,Nitrogen Dioxide,37.91,18.7,30,Good
2025-12-25,10010,Sulphur Dioxide,7.98,4.3,6,Good
2025-12-25,10010,Carbon Monoxide,347.58,3.8,5,Good
2025-12-25,10010,Overall,,63.7,70,Moderate
2025-12-26,10010,PM2.5,6.18,39.2,64,Moderate
2025-12-26,10010,PM10,6.53,7.2,15,Good
2025-12-26,10010,Ozone,48.0,25.1,30,Good
2025-12-26,10010,Nitrogen Dioxide,28.38,14.0,25,Good
2025-12-26,10010,Sulphur Dioxide,5.27,2.9,5,Good
2025-12-26,10010,Carbon Monoxide,246.42,2.2,3,Good
2025-12-26,10010,Overall,,39.3,64,Moderate
2025-12-27,10010,PM2.5,12.97,45.8,56,Moderate
2025-12-27,10010,PM10,14.08,8.6,12,Good
2025-12-27,10010,Ozone,33.0,17.1,23,Good
2025-12-27,10010,Nitrogen Dioxide,38.5,18.9,33,Good
2025-12-27,10010,Sulphur Dioxide,4.65,2.5,4,Good
2025-12-27,10010,Carbon Monoxide,312.62,2.8,4,Good
2025-12-27,10010,Overall,,45.8,56,Moderate
2025-12-28,10010,PM2.5,23.61,70.7,80,Moderate
2025-12-28,10010,PM10,24.1,19.0,23,Good
2025-12-28,10010,Ozone,8.12,3.6,9,Good
2025-12-28,10010,Nitrogen Dioxide,53.32,26.3,31,Good
2025-12-28,10010,Sulphur Dioxide,7.21,3.9,6,Good
2025-12-28,10010,Carbon Monoxide,528.08,5.1,7,Good
2025-12-28,10010,Overall,,70.7,80,Moderate
2025-12-29,10010,PM2.5,9.76,66.0,78,Moderate
2025-12-29,10010,PM10,10.12,16.3,22,Good
2025-12-29,10010,Ozone,34.17,12.5,23,Good
2025-12-29,10010,Nitrogen Dioxide,26.19,12.9,23,Good
2025-12-29,10010,Sulphur Dioxide,5.83,3.0,4,Good
2025-12-29,10010,Carbon Monoxide,227.21,2.4,5,Good
2025-12-29,10010,Overall,,66.0,78,Moderate
2025-12-30,10010,PM2.5,2.83,31.0,51,Moderate
2025-12-30,10010,PM10,2.95,5.4,9,Good
2025-12-30,10010,Ozone,67.17,29.5,34,Good
2025-12-30,10010,Nitrogen Dioxide,11.12,5.4,9,Good
2025-12-30,10010,Sulphur Dioxide,2.6,1.4,2,Good
2025-12-30,10010,Carbon Monoxide,181.38,2.0,2,Good
2025-12-30,10010,Overall,,38.0,51,Moderate
2025-12-31,10010,PM2.5,5.99,19.0,31,Good
2025-12-31,10010,PM10,6.17,3.4,5,Good
2025-12-31,10010,Ozone,52.62,27.8,31,Good
2025-12-31,10010,Nitrogen Dioxide,22.7,11.2,25,Good
2025-12-31,10010,Sulphur Dioxide,6.8,3.8,7,Good
2025-12-31,10010,Carbon Monoxide,214.71,2.0,2,Good
2025-12-31,10010,Overall,,28.8,31,Good
2026-01-01,10010,PM2.5,9.58,48.9,53,Moderate
2026-01-01,10010,PM10,10.25,8.7,10,Good
2026-01-01,10010,Ozone,51.88,23.2,35,Good
2026-01-01,10010,Nitrogen Dioxide,22.25,10.9,33,Good
2026-01-01,10010,Sulphur Dioxide,6.02,3.3,7,Good
2026-01-01,10010,Carbon Monoxide,211.92,2.1,3,Good
2026-01-01,10010,Overall,,48.9,53,Moderate
2026-01-02,10010,PM2.5,9.64,49.4,51,Moderate
2026-01-02,10010,PM10,10.27,9.0,10,Good
2026-01-02,10010,Ozone,44.08,21.7,29,Good
2026-01-02,10010,Nitrogen Dioxide,33.35,16.4,31,Good
2026-01-02,10010,Sulphur Dioxide,7.88,4.2,7,Good
2026-01-02,10010,Carbon Monoxide,254.12,2.2,3,Good
2026-01-02,10010,Overall,,49.4,51,Moderate
2026-01-03,10010,PM2.5,10.93,48.5,52,Moderate
2026-01-03,10010,PM10,11.11,8.3,10,Good
2026-01-03,10010,Ozone,46.75,22.5,31,Good
2026-01-03,10010,Nitrogen Dioxide,35.93,17.7,41,Good
2026-01-03,10010,Sulphur Dioxide,5.49,3.0,7,Good
2026-01-03,10010,Carbon Monoxide,298.46,2.3,4,Good
2026-01-03,10010,Overall,,48.5,52,Moderate
2026-01-04,10010,PM2.5,15.98,62.8,66,Moderate
2026-01-04,10010,PM10,16.23,14.6,16,Good
2026-01-04,10010,Ozone,30.71,13.4,28,Good
2026-01-04,10010,Nitrogen Dioxide,47.47,23.4,41,Good
2026-01-04,10010,Sulphur Dioxide,6.22,3.4,6,Good
2026-01-04,10010,Carbon Monoxide,362.42,3.9,6,Good
2026-01-04,10010,Overall,,62.8,66,Moderate
2026-01-05,10010,PM2.5,14.49,60.4,63,Moderate
2026-01-05,10010,PM10,14.97,13.5,15,Good
2026-01-05,10010,Ozone,26.21,12.4,16,Good
2026-01-05,10010,Nitrogen Dioxide,46.69,23.0,33,Good
2026-01-05,10010,Sulphur Dioxide,7.49,4.1,6,Good
2026-01-05,10010,Carbon Monoxide,299.08,3.0,4,Good
2026-01-05,10010,Overall,,60.4,63,Moderate
2026-01-06,10010,PM2.5,33.11,75.8,95,Moderate
2026-01-06,10010,PM10,34.43,21.4,31,Good
2026-01-06,10010,Ozone,8.21,5.2,11,Good
2026-01-06,10010,Nitrogen Dioxide,51.85,25.7,28,Good
2026-01-06,10010,Sulphur Dioxide,12.32,6.7,11,Good
2026-01-06,10010,Carbon Monoxide,499.67,4.6,7,Good
2026-01-06,10010,Overall,,75.8,95,Moderate
2026-01-07,10010,PM2.5,17.24,86.6,99,Moderate
2026-01-07,10010,PM10,18.86,27.7,33,Good
2026-01-07,10010,Ozone,13.67,5.5,14,Good
2026-01-07,10010,Nitrogen Dioxide,36.15,17.8,26,Good
2026-01-07,10010,Sulphur Dioxide,8.25,4.5,6,Good
2026-01-07,10010,Carbon Monoxide,361.04,3.7,4,Good
2026-01-07,10010,Overall,,86.6,99,Moderate
2026-01-08,10010,PM2.5,23.0,59.3,72,Moderate
2026-01-08,10010,PM10,23.18,13.1,19,Good
2026-01-08,10010,Ozone,13.29,6.9,14,Good
2026-01-08,10010,Nitrogen Dioxide,35.61,17.7,27,Good
2026-01-08,10010,Sulphur Dioxide,9.35,5.1,14,Good
2026-01-08,10010,Carbon Monoxide,625.5,4.0,9,Good
2026-01-08,10010,Overall,,59.3,72,Moderate
2026-01-09,10010,PM2.5,19.91,87.2,93,Moderate
2026-01-09,10010,PM10,21.15,26.7,29,Good
2026-01-09,10010,Ozone,16.21,6.3,17,Good
2026-01-09,10010,Nitrogen Dioxide,45.23,22.3,28,Good
2026-01-09,10010,Sulphur Dioxide,9.85,5.4,13,Good
2026-01-09,10010,Carbon Monoxide,518.71,7.2,16,Good
2026-01-09,10010,Overall,,87.2,93,Moderate
2026-01-10,10010,PM2.5,8.52,54.1,71,Moderate
2026-01-10,10010,PM10,8.75,10.8,19,Good
2026-01-10,10010,Ozone,13.08,7.5,12,Good
2026-01-10,10010,Nitrogen Dioxide,41.18,20.2,26,Good
2026-01-10,10010,Sulphur Dioxide,6.51,3.6,5,Good
2026-01-10,10010,Carbon Monoxide,365.75,3.5,4,Good
2026-01-10,10010,Overall,,54.1,71,Moderate
2026-01-11,10010,PM2.5,6.08,40.7,47,Good
2026-01-11,10010,PM10,6.38,6.9,8,Good
2026-01-11,10010,Ozone,31.25,10.2,25,Good
2026-01-11,10010,Nitrogen Dioxide,28.58,14.2,26,Good
2026-01-11,10010,Sulphur Dioxide,5.79,3.2,5,Good
2026-01-11,10010,Carbon Monoxide,276.88,2.9,4,Good
2026-01-11,10010,Overall,,40.7,47,Good
2026-01-12,10010,PM2.5,5.49,25.5,34,Good
2026-01-12,10010,PM10,5.55,4.4,6,Good
2026-01-12,10010,Ozone,46.25,24.6,29,Good
2026-01-12,10010,Nitrogen Dioxide,23.18,11.4,26,Good
2026-01-12,10010,Sulphur Dioxide,6.9,3.8,7,Good
2026-01-12,10010,Carbon Monoxide,238.08,2.1,3,Good
2026-01-12,10010,Overall,,27.2,34,Good
2026-01-13,10010,PM2.5,11.03,48.5,55,Moderate
2026-01-13,10010,PM10,11.22,8.7,11,Good
2026-01-13,10010,Ozone,20.0,8.9,13,Good
2026-01-13,10010,Nitrogen Dioxide,39.57,19.5,27,Good
2026-01-13,10010,Sulphur Dioxide,17.17,9.5,14,Good
2026-01-13,10010,Carbon Monoxide,306.33,3.0,3,Good
2026-01-13,10010,Overall,,48.5,55,Moderate
2026-01-14,10010,PM2.5,14.95,53.9,61,Moderate
2026-01-14,10010,PM10,15.38,10.2,14,Good
2026-01-14,10010,Ozone,17.25,9.4,19,Good
2026-01-14,10010,Nitrogen Dioxide,49.17,24.2,33,Good
2026-01-14,10010,Sulphur Dioxide,11.85,6.5,9,Good
2026-01-14,10010,Carbon Monoxide,362.88,3.2,5,Good
2026-01-14,10010,Overall,,53.9,61,Moderate
2026-01-15,10010,PM2.5,11.07,62.7,68,Moderate
2026-01-15,10010,PM10,11.11,14.5,17,Good
2026-01-15,10010,Ozone,31.33,10.8,25,Good
2026-01-15,10010,Nitrogen Dioxide,29.04,14.3,28,Good
2026-01-15,10010,Sulphur Dioxide,7.38,4.2,7,Good
2026-01-15,10010,Carbon Monoxide,253.38,2.9,5,Good
2026-01-15,10010,Overall,,62.7,68,Moderate
2026-01-16,10010,PM2.5,7.08,37.4,54,Moderate
2026-01-16,10010,PM10,7.15,6.4,10,Good
2026-01-16,10010,Ozone,51.0,25.7,30,Good
2026-01-16,10010,Nitrogen Dioxide,21.05,10.4,28,Good
2026-01-16,10010,Sulphur Dioxide,5.26,2.8,6,Good
2026-01-16,10010,Carbon Monoxide,218.5,2.0,3,Good
2026-01-16,10010,Overall,,37.7,54,Moderate
2026-01-17,10010,PM2.5,14.16,51.3,59,Moderate
2026-01-17,10010,PM10,14.42,9.6,13,Good
2026-01-17,10010,Ozone,18.42,10.0,15,Good
2026-01-17,10010,Nitrogen Dioxide,44.67,21.9,28,Good
2026-01-17,10010,Sulphur Dioxide,9.98,5.5,6,Good
2026-01-17,10010,Carbon Monoxide,299.54,2.7,4,Good
2026-01-17,10010,Overall,,51.3,59,Moderate
2026-01-18,10010,PM2.5,31.89,80.8,95,Moderate
2026-01-18,10010,PM10,32.82,23.6,31,Good
2026-01-18,10010,Ozone,5.5,1.8,5,Good
2026-01-18,10010,Nitrogen Dioxide,56.07,27.6,34,Good
2026-01-18,10010,Sulphur Dioxide,13.58,7.4,11,Good
2026-01-18,10010,Carbon Monoxide,467.25,4.4,5,Good
2026-01-18,10010,Overall,,80.8,95,Moderate
2026-01-19,10010,PM2.5,14.04,72.5,93,Moderate
2026-01-19,10010,PM10,14.26,19.4,30,Good
2026-01-19,10010,Ozone,37.29,17.4,22,Good
2026-01-19,10010,Nitrogen Dioxide,31.86,15.7,31,Good
2026-01-19,10010,Sulphur Dioxide,7.17,4.0,8,Good
2026-01-19,10010,Carbon Monoxide,288.38,3.2,4,Good
2026-01-19,10010,Overall,,72.5,93,Moderate
2026-01-20,10010,PM2.5,9.09,55.5,60,Moderate
2026-01-20,10010,PM10,9.33,11.0,13,Good
2026-01-20,10010,Ozone,44.79,20.2,27,Good
2026-01-20,10010,Nitrogen Dioxide,25.62,12.6,29,Good
2026-01-20,10010,Sulphur Dioxide,4.85,2.8,4,Good
2026-01-20,10010,Carbon Monoxide,253.21,2.3,3,Good
2026-01-20,10010,Overall,,55.5,60,Moderate
2026-01-21,10010,PM2.5,14.7,58.8,64,Moderate
2026-01-21,10010,PM10,15.67,12.8,16,Good
2026-01-21,10010,Ozone,35.12,14.0,24,Good
2026-01-21,10010,Nitrogen Dioxide,37.82,18.7,31,Good
2026-01-21,10010,Sulphur Dioxide,9.97,5.5,10,Good
2026-01-21,10010,Carbon Monoxide,304.83,3.2,4,Good
2026-01-21,10010,Overall,,58.8,64,Moderate
2026-01-22,10010,PM2.5,9.53,51.0,61,Moderate
2026-01-22,10010,PM10,9.68,9.8,14,Good
2026-01-22,10010,Ozone,47.08,23.1,26,Good
2026-01-22,10010,Nitrogen Dioxide,29.9,14.8,33,Good
2026-01-22,10010,Sulphur Dioxide,7.6,4.1,5,Good
2026-01-22,10010,Carbon Monoxide,235.29,2.0,2,Good
2026-01-22,10010,Overall,,51.0,61,Moderate
2026-01-23,10010,PM2.5,6.69,50.2,52,Moderate
2026-01-23,10010,PM10,7.25,8.8,9,Good
2026-01-23,10010,Ozone,56.46,23.2,32,Good
2026-01-23,10010,Nitrogen Dioxide,22.07,10.9,34,Good
2026-01-23,10010,Sulphur Dioxide,5.46,3.1,5,Good
2026-01-23,10010,Carbon Monoxide,232.08,2.3,3,Good
2026-01-23,10010,Overall,,50.2,52,Moderate
2026-01-24,10010,PM2.5,4.99,30.9,37,Good
2026-01-24,10010,PM10,5.8,5.6,7,Good
2026-01-24,10010,Ozone,60.54,29.0,31,Good
2026-01-24,10010,Nitrogen Dioxide,13.11,6.5,12,Good
2026-01-24,10010,Sulphur Dioxide,2.64,1.4,2,Good
2026-01-24,10010,Carbon Monoxide,207.62,2.0,2,Good
2026-01-24,10010,Overall,,31.8,37,Good
2026-01-25,10010,PM2.5,7.1,34.2,40,Good
2026-01-25,10010,PM10,7.8,6.3,7,Good
2026-01-25,10010,Ozone,47.08,22.5,27,Good
2026-01-25,10010,Nitrogen Dioxide,26.91,13.2,19,Good
2026-01-25,10010,Sulphur Dioxide,3.85,2.1,3,Good
2026-01-25,10010,Carbon Monoxide,257.04,2.5,3,Good
2026-01-25,10010,Overall,,34.2,40,Good
2026-01-26,10010,PM2.5,7.13,38.0,39,Good
2026-01-26,10010,PM10,7.65,6.9,7,Good
2026-01-26,10010,Ozone,53.04,23.5,27,Good
2026-01-26,10010,Nitrogen Dioxide,23.44,11.6,20,Good
2026-01-26,10010,Sulphur Dioxide,3.45,1.8,3,Good
2026-01-26,10010,Carbon Monoxide,272.46,2.5,3,Good
2026-01-26,10010,Overall,,38.0,39,Good
2026-01-27,10010,PM2.5,11.59,43.2,54,Moderate
2026-01-27,10010,PM10,11.84,7.5,10,Good
2026-01-27,10010,Ozone,54.88,27.1,31,Good
2026-01-27,10010,Nitrogen Dioxide,25.43,12.5,22,Good
2026-01-27,10010,Sulphur Dioxide,5.39,2.9,5,Good
2026-01-27,10010,Carbon Monoxide,269.71,2.5,3,Good
2026-01-27,10010,Overall,,43.2,54,Moderate
2026-01-28,10010,PM2.5,16.55,60.5,64,Moderate
2026-01-28,10010,PM10,16.78,13.4,15,Good
2026-01-28,10010,Ozone,44.58,22.4,26,Good
2026-01-28,10010,Nitrogen Dioxide,32.45,16.1,32,Good
2026-01-28,10010,Sulphur Dioxide,4.69,2.5,4,Good
2026-01-28,10010,Carbon Monoxide,334.71,3.4,4,Good
2026-01-28,10010,Overall,,60.5,64,Moderate
2026-01-29,10010,PM2.5,14.78,63.8,65,Moderate
2026-01-29,10010,PM10,14.89,14.9,16,Good
2026-01-29,10010,Ozone,45.62,20.3,28,Good
2026-01-29,10010,Nitrogen Dioxide,31.0,15.2,28,Good
2026-01-29,10010,Sulphur Dioxide,3.49,1.9,3,Good
2026-01-29,10010,Carbon Monoxide,336.62,3.4,4,Good
2026-01-29,10010,Overall,,63.8,65,Moderate
2026-01-30,10010,PM2.5,6.72,53.7,61,Moderate
2026-01-30,10010,PM10,6.82,10.5,14,Good
2026-01-30,10010,Ozone,51.38,22.9,30,Good
2026-01-30,10010,Nitrogen Dioxide,22.84,11.2,21,Good
2026-01-30,10010,Sulphur Dioxide,2.7,1.5,2,Good
2026-01-30,10010,Carbon Monoxide,265.42,2.6,3,Good
2026-01-30,10010,Overall,,53.7,61,Moderate
2026-01-31,10010,PM2.5,13.38,45.3,58,Moderate
2026-01-31,10010,PM10,13.72,8.2,12,Good
2026-01-31,10010,Ozone,37.46,18.9,24,Good
2026-01-31,10010,Nitrogen Dioxide,38.71,19.0,38,Good
2026-01-31,10010,Sulphur Dioxide,3.96,2.1,3,Good
2026-01-31,10010,Carbon Monoxide,444.08,4.1,6,Good
2026-01-31,10010,Overall,,45.3,58,Moderate
2026-02-01,10010,PM2.5,7.14,53.0,58,Moderate
2026-02-01,10010,PM10,8.26,10.7,13,Good
2026-02-01,10010,Ozone,64.75,26.3,33,Good
2026-02-01,10010,Nitrogen Dioxide,15.75,7.7,13,Good
2026-02-01,10010,Sulphur Dioxide,2.36,1.2,2,Good
2026-02-01,10010,Carbon Monoxide,243.29,2.7,5,Good
2026-02-01,10010,Overall,,53.0,58,Moderate
2026-02-02,10010,PM2.5,10.65,43.4,52,Moderate
2026-02-02,10010,PM10,11.7,8.5,10,Good
2026-02-02,10010,Ozone,60.96,30.9,34,Good
2026-02-02,10010,Nitrogen Dioxide,24.34,11.9,28,Good
2026-02-02,10010,Sulphur Dioxide,2.72,1.5,2,Good
2026-02-02,10010,Carbon Monoxide,289.88,2.6,3,Good
2026-02-02,10010,Overall,,43.4,52,Moderate
2026-02-03,10010,PM2.5,26.87,65.8,82,Moderate
2026-02-03,10010,PM10,27.57,16.6,24,Good
2026-02-03,10010,Ozone,35.38,18.6,25,Good
2026-02-03,10010,Nitrogen Dioxide,52.18,25.8,41,Good
2026-02-03,10010,Sulphur Dioxide,6.93,3.8,7,Good
2026-02-03,10010,Carbon Monoxide,478.79,4.4,7,Good
2026-02-03,10010,Overall,,65.8,82,Moderate
2026-02-04,10010,PM2.5,26.98,91.8,99,Moderate
2026-02-04,10010,PM10,27.47,28.8,32,Good
2026-02-04,10010,Ozone,25.58,11.5,28,Good
2026-02-04,10010,Nitrogen Dioxide,50.35,24.8,39,Good
2026-02-04,10010,Sulphur Dioxide,5.75,3.1,6,Good
2026-02-04,10010,Carbon Monoxide,439.12,4.1,5,Good
2026-02-04,10010,Overall,,91.8,99,Moderate
2026-02-05,10010,PM2.5,26.95,70.0,84,Moderate
2026-02-05,10010,PM10,27.32,18.1,25,Good
2026-02-05,10010,Ozone,36.96,17.4,28,Good
2026-02-05,10010,Nitrogen Dioxide,41.65,20.5,43,Good
2026-02-05,10010,Sulphur Dioxide,7.48,4.1,12,Good
2026-02-05,10010,Carbon Monoxide,568.92,4.5,9,Good
2026-02-05,10010,Overall,,70.0,84,Moderate
2026-02-06,10010,PM2.5,35.47,101.5,110,Unhealthy for Sensitive Groups
2026-02-06,10010,PM10,36.2,33.1,37,Good
2026-02-06,10010,Ozone,22.21,10.4,24,Good
2026-02-06,10010,Nitrogen Dioxide,65.31,32.2,44,Good
2026-02-06,10010,Sulphur Dioxide,8.64,4.8,9,Good
2026-02-06,10010,Carbon Monoxide,507.08,5.9,10,Good
2026-02-06,10010,Overall,,101.5,110,Unhealthy for Sensitive Groups
2026-02-07,10010,PM2.5,15.42,89.1,100,Moderate
2026-02-07,10010,PM10,16.3,27.8,33,Good
2026-02-07,10010,Ozone,51.21,19.1,31,Good
2026-02-07,10010,Nitrogen Dioxide,20.89,10.2,34,Good
2026-02-07,10010,Sulphur Dioxide,4.0,2.3,7,Good
2026-02-07,10010,Carbon Monoxide,258.62,3.2,6,Good
2026-02-07,10010,Overall,,89.1,100,Moderate
2026-02-08,10010,PM2.5,6.48,39.5,62,Moderate
2026-02-08,10010,PM10,7.6,7.9,15,Good
2026-02-08,10010,Ozone,64.29,30.3,32,Good
2026-02-08,10010,Nitrogen Dioxide,11.22,5.5,11,Good
2026-02-08,10010,Sulphur Dioxide,1.71,1.0,1,Good
2026-02-08,10010,Carbon Monoxide,230.71,2.0,2,Good
2026-02-08,10010,Overall,,39.5,62,Moderate
2026-02-09,10010,PM2.5,12.97,42.1,56,Moderate
2026-02-09,10010,PM10,13.3,7.5,11,Good
2026-02-09,10010,Ozone,51.25,27.6,30,Good
2026-02-09,10010,Nitrogen Dioxide,27.72,13.7,39,Good
2026-02-09,10010,Sulphur Dioxide,3.11,1.7,3,Good
2026-02-09,10010,Carbon Monoxide,374.54,3.0,5,Good
2026-02-09,10010,Overall,,42.1,56,Moderate
2026-02-10,10010,PM2.5,31.75,79.2,95,Moderate
2026-02-10,10010,PM10,32.89,22.8,30,Good
2026-02-10,10010,Ozone,19.79,9.4,21,Good
2026-02-10,10010,Nitrogen Dioxide,64.31,31.6,40,Good
2026-02-10,10010,Sulphur Dioxide,7.47,4.1,7,Good
2026-02-10,10010,Carbon Monoxide,548.83,5.5,8,Good
2026-02-10,10010,Overall,,79.2,95,Moderate
2026-02-11,10010,PM2.5,18.32,85.8,94,Moderate
2026-02-11,10010,PM10,19.15,26.8,31,Good
2026-02-11,10010,Ozone,43.33,16.6,29,Good
2026-02-11,10010,Nitrogen Dioxide,33.02,16.3,38,Good
2026-02-11,10010,Sulphur Dioxide,4.14,2.1,4,Good
2026-02-11,10010,Carbon Monoxide,300.29,3.2,4,Good
2026-02-11,10010,Overall,,85.8,94,Moderate
2026-02-12,10010,PM2.5,4.55,39.8,68,Moderate
2026-02-12,10010,PM10,4.68,7.8,17,Good
2026-02-12,10010,Ozone,66.29,29.6,35,Good
2026-02-12,10010,Nitrogen Dioxide,15.23,7.5,15,Good
2026-02-12,10010,Sulphur Dioxide,2.34,1.1,2,Good
2026-02-12,10010,Carbon Monoxide,219.46,2.0,2,Good
2026-02-12,10010,Overall,,43.2,68,Moderate
2026-02-13,10010,PM2.5,15.62,40.0,60,Moderate
2026-02-13,10010,PM10,16.29,7.3,14,Good
2026-02-13,10010,Ozone,58.0,30.5,34,Good
2026-02-13,10010,Nitrogen Dioxide,32.56,16.1,38,Good
2026-02-13,10010,Sulphur Dioxide,3.91,2.0,3,Good
2026-02-13,10010,Carbon Monoxide,328.21,2.7,4,Good
2026-02-13,10010,Overall,,41.2,60,Moderate
2026-02-14,10010,PM2.5,43.32,84.3,114,Unhealthy for Sensitive Groups
2026-02-14,10010,PM10,44.72,25.6,39,Good
2026-02-14,10010,Ozone,36.38,17.8,28,Good
2026-02-14,10010,Nitrogen Dioxide,51.22,25.2,43,Good
2026-02-14,10010,Sulphur Dioxide,9.99,5.5,12,Good
2026-02-14,10010,Carbon Monoxide,490.04,3.8,6,Good
2026-02-14,10010,Overall,,84.3,114,Unhealthy for Sensitive Groups
2026-02-15,10010,PM2.5,40.48,141.2,151,Unhealthy
2026-02-15,10010,PM10,41.59,48.1,52,Moderate
2026-02-15,10010,Ozone,13.62,5.6,14,Good
2026-02-15,10010,Nitrogen Dioxide,66.77,32.9,40,Good
2026-02-15,10010,Sulphur Dioxide,9.7,5.4,12,Good
2026-02-15,10010,Carbon Monoxide,720.25,7.8,11,Good
2026-02-15,10010,Overall,,141.2,151,Unhealthy
2026-02-16,10010,PM2.5,20.3,74.8,112,Unhealthy for Sensitive Groups
2026-02-16,10010,PM10,23.42,22.1,38,Good
2026-02-16,10010,Ozone,56.21,26.5,35,Good
2026-02-16,10010,Nitrogen Dioxide,39.1,19.2,48,Good
2026-02-16,10010,Sulphur Dioxide,6.73,3.8,8,Good
2026-02-16,10010,Carbon Monoxide,389.12,3.0,6,Good
2026-02-16,10010,Overall,,74.8,112,Unhealthy for Sensitive Groups
2026-02-17,10010,PM2.5,41.75,93.8,113,Unhealthy for Sensitive Groups
2026-02-17,10010,PM10,43.2,31.2,38,Good
2026-02-17,10010,Ozone,14.54,7.2,16,Good
2026-02-17,10010,Nitrogen Dioxide,61.72,30.3,46,Good
2026-02-17,10010,Sulphur Dioxide,11.88,6.5,8,Good
2026-02-17,10010,Carbon Monoxide,414.67,4.3,7,Good
2026-02-17,10010,Overall,,93.8,113,Unhealthy for Sensitive Groups
2026-02-18,10010,PM2.5,59.36,141.6,154,Unhealthy
2026-02-18,10010,PM10,60.03,48.5,54,Moderate
2026-02-18,10010,Ozone,3.04,1.9,7,Good
2026-02-18,10010,Nitrogen Dioxide,68.95,34.0,41,Good
2026-02-18,10010,Sulphur Dioxide,14.96,8.1,10,Good
2026-02-18,10010,Carbon Monoxide,711.38,6.2,8,Good
2026-02-18,10010,Overall,,141.6,154,Unhealthy
2026-02-19,10010,PM2.5,19.57,111.8,153,Unhealthy
2026-02-19,10010,PM10,21.4,36.7,53,Moderate
2026-02-19,10010,Ozone,30.33,13.0,22,Good
2026-02-19,10010,Nitrogen Dioxide,48.07,23.6,36,Good
2026-02-19,10010,Sulphur Dioxide,6.12,3.3,6,Good
2026-02-19,10010,Carbon Monoxide,421.71,5.1,9,Good
2026-02-19,10010,Overall,,111.8,153,Unhealthy
2026-02-20,10010,PM2.5,12.77,61.2,70,Moderate
2026-02-20,10010,PM10,15.86,16.2,19,Good
2026-02-20,10010,Ozone,31.25,14.4,20,Good
2026-02-20,10010,Nitrogen Dioxide,43.08,21.2,35,Good
2026-02-20,10010,Sulphur Dioxide,4.61,2.5,4,Good
2026-02-20,10010,Carbon Monoxide,286.0,2.7,3,Good
2026-02-20,10010,Overall,,61.2,70,Moderate
2026-02-21,10010,PM2.5,15.25,58.7,61,Moderate
2026-02-21,10010,PM10,15.92,14.1,15,Good
2026-02-21,10010,Ozone,21.42,10.1,22,Good
2026-02-21,10010,Nitrogen Dioxide,39.49,19.4,36,Good
2026-02-21,10010,Sulphur Dioxide,6.16,3.5,6,Good
2026-02-21,10010,Carbon Monoxide,446.46,3.5,6,Good
2026-02-21,10010,Overall,,58.7,61,Moderate
2026-02-22,10010,PM2.5,16.07,66.3,70,Moderate
2026-02-22,10010,PM10,17.7,16.5,19,Good
2026-02-22,10010,Ozone,29.67,9.9,25,Good
2026-02-22,10010,Nitrogen Dioxide,36.19,17.7,27,Good
2026-02-22,10010,Sulphur Dioxide,5.6,3.0,5,Good
2026-02-22,10010,Carbon Monoxide,359.0,4.4,8,Good
2026-02-22,10010,Overall,,66.3,70,Moderate
2026-02-23,10010,PM2.5,6.65,46.2,63,Moderate
2026-02-23,10010,PM10,8.67,10.1,16,Good
2026-02-23,10010,Ozone,76.21,33.6,38,Good
2026-02-23,10010,Nitrogen Dioxide,11.81,5.8,10,Good
2026-02-23,10010,Sulphur Dioxide,2.4,1.1,2,Good
2026-02-23,10010,Carbon Monoxide,208.58,2.0,2,Good
2026-02-23,10010,Overall,,46.2,63,Moderate
2026-02-24,10010,PM2.5,9.78,39.4,48,Good
2026-02-24,10010,PM10,10.79,8.2,9,Good
2026-02-24,10010,Ozone,59.33,32.5,36,Good
2026-02-24,10010,Nitrogen Dioxide,24.41,12.0,41,Good
2026-02-24,10010,Sulphur Dioxide,3.24,1.7,5,Good
2026-02-24,10010,Carbon Monoxide,334.71,2.4,5,Good
2026-02-24,10010,Overall,,39.4,48,Good
2026-02-25,10010,PM2.5,25.12,66.5,81,Moderate
2026-02-25,10010,PM10,26.47,17.0,24,Good
2026-02-25,10010,Ozone,46.29,20.1,29,Good
2026-02-25,10010,Nitrogen Dioxide,41.34,20.2,40,Good
2026-02-25,10010,Sulphur Dioxide,6.3,3.4,5,Good
2026-02-25,10010,Carbon Monoxide,299.75,3.5,6,Good
2026-02-25,10010,Overall,,66.5,81,Moderate
2026-02-26,10010,PM2.5,36.64,90.5,102,Unhealthy for Sensitive Groups
2026-02-26,10010,PM10,38.33,29.2,35,Good
2026-02-26,10010,Ozone,45.38,23.0,35,Good
2026-02-26,10010,Nitrogen Dioxide,52.65,26.0,56,Moderate
2026-02-26,10010,Sulphur Dioxide,7.26,4.0,9,Good
2026-02-26,10010,Carbon Monoxide,499.83,3.8,7,Good
2026-02-26,10010,Overall,,90.5,102,Unhealthy for Sensitive Groups
2026-02-27,10010,PM2.5,29.29,93.9,103,Unhealthy for Sensitive Groups
2026-02-27,10010,PM10,30.76,30.3,35,Good
2026-02-27,10010,Ozone,38.17,17.8,31,Good
2026-02-27,10010,Nitrogen Dioxide,62.2,30.6,47,Good
2026-02-27,10010,Sulphur Dioxide,7.12,3.8,6,Good
2026-02-27,10010,Carbon Monoxide,575.88,6.1,8,Good
2026-02-27,10010,Overall,,93.9,103,Unhealthy for Sensitive Groups
2026-02-28,10010,PM2.5,42.02,96.1,111,Unhealthy for Sensitive Groups
2026-02-28,10010,PM10,48.93,33.8,42,Good
2026-02-28,10010,Ozone,30.83,14.1,33,Good
2026-02-28,10010,Nitrogen Dioxide,73.53,36.6,68,Moderate
2026-02-28,10010,Sulphur Dioxide,10.41,5.6,15,Good
2026-02-28,10010,Carbon Monoxide,833.71,6.8,12,Good
2026-02-28,10010,Overall,,96.1,111,Unhealthy for Sensitive Groups
2026-03-01,10010,PM2.5,25.35,122.0,139,Unhealthy for Sensitive Groups
2026-03-01,10010,PM10,27.9,45.1,52,Moderate
2026-03-01,10010,Ozone,47.46,18.8,37,Good
2026-03-01,10010,Nitrogen Dioxide,49.99,24.9,65,Moderate
2026-03-01,10010,Sulphur Dioxide,5.98,3.4,14,Good
2026-03-01,10010,Carbon Monoxide,530.5,6.8,14,Good
2026-03-01,10010,Overall,,122.0,139,Unhealthy for Sensitive Groups
2026-03-02,10010,PM2.5,17.06,58.2,81,Moderate
2026-03-02,10010,PM10,18.95,13.6,25,Good
2026-03-02,10010,Ozone,52.88,27.6,33,Good
2026-03-02,10010,Nitrogen Dioxide,37.87,18.7,45,Good
2026-03-02,10010,Sulphur Dioxide,6.27,3.4,7,Good
2026-03-02,10010,Carbon Monoxide,351.92,3.3,4,Good
2026-03-02,10010,Overall,,58.2,81,Moderate
2026-03-03,10010,PM2.5,22.37,73.8,76,Moderate
2026-03-03,10010,PM10,26.05,22.2,24,Good
2026-03-03,10010,Ozone,25.54,12.3,26,Good
2026-03-03,10010,Nitrogen Dioxide,64.91,31.9,45,Good
2026-03-03,10010,Sulphur Dioxide,5.9,3.2,5,Good
2026-03-03,10010,Carbon Monoxide,551.42,4.5,7,Good
2026-03-03,10010,Overall,,73.8,76,Moderate
2026-03-04,10010,PM2.5,27.45,70.8,82,Moderate
2026-03-04,10010,PM10,28.57,20.4,25,Good
2026-03-04,10010,Ozone,23.38,10.8,25,Good
2026-03-04,10010,Nitrogen Dioxide,59.93,29.5,51,Moderate
2026-03-04,10010,Sulphur Dioxide,10.12,5.5,10,Good
2026-03-04,10010,Carbon Monoxide,493.46,5.2,8,Good
2026-03-04,10010,Overall,,70.8,82,Moderate
2026-03-05,10010,PM2.5,44.9,124.6,150,Unhealthy for Sensitive Groups
2026-03-05,10010,PM10,46.43,42.2,51,Moderate
2026-03-05,10010,Ozone,4.25,1.5,9,Good
2026-03-05,10010,Nitrogen Dioxide,74.87,37.0,44,Good
2026-03-05,10010,Sulphur Dioxide,12.73,7.0,10,Good
2026-03-05,10010,Carbon Monoxide,684.21,6.7,8,Good
2026-03-05,10010,Overall,,124.6,150,Unhealthy for Sensitive Groups
2026-03-06,10010,PM2.5,7.51,73.8,124,Unhealthy for Sensitive Groups
2026-03-06,10010,PM10,7.79,20.5,42,Good
2026-03-06,10010,Ozone,48.21,21.6,28,Good
2026-03-06,10010,Nitrogen Dioxide,34.24,16.8,33,Good
2026-03-06,10010,Sulphur Dioxide,5.06,2.8,4,Good
2026-03-06,10010,Carbon Monoxide,275.5,3.0,6,Good
2026-03-06,10010,Overall,,73.8,124,Unhealthy for Sensitive Groups
2026-03-07,10010,PM2.5,14.12,51.7,59,Moderate
2026-03-07,10010,PM10,15.35,10.1,14,Good
2026-03-07,10010,Ozone,25.88,12.8,20,Good
2026-03-07,10010,Nitrogen Dioxide,50.44,24.9,34,Good
2026-03-07,10010,Sulphur Dioxide,6.72,3.6,4,Good
2026-03-07,10010,Carbon Monoxide,328.0,3.1,4,Good
2026-03-07,10010,Overall,,51.7,59,Moderate
2026-03-08,10010,PM2.5,13.5,62.8,65,Moderate
2026-03-08,10010,PM10,13.81,15.0,16,Good
2026-03-08,10010,Ozone,30.71,13.7,21,Good
2026-03-08,10010,Nitrogen Dioxide,34.47,17.0,32,Good
2026-03-08,10010,Sulphur Dioxide,7.7,4.2,6,Good
2026-03-08,10010,Carbon Monoxide,253.5,2.5,4,Good
2026-03-08,10010,Overall,,62.8,65,Moderate
2026-03-09,10010,PM2.5,16.99,58.1,64,Moderate
2026-03-09,10010,PM10,17.21,12.4,15,Good
2026-03-09,10010,Ozone,28.33,14.0,26,Good
2026-03-09,10010,Nitrogen Dioxide,50.1,24.7,43,Good
2026-03-09,10010,Sulphur Dioxide,13.02,7.2,10,Good
2026-03-09,10010,Carbon Monoxide,391.21,3.5,4,Good
2026-03-09,10010,Overall,,58.1,64,Moderate
2026-03-10,10010,PM2.5,23.97,74.7,80,Moderate
2026-03-10,10010,PM10,24.01,20.3,23,Good
2026-03-10,10010,Ozone,24.25,10.4,22,Good
2026-03-10,10010,Nitrogen Dioxide,56.17,27.8,41,Good
2026-03-10,10010,Sulphur Dioxide,12.05,6.6,9,Good
2026-03-10,10010,Carbon Monoxide,426.04,4.1,5,Good
2026-03-10,10010,Overall,,74.7,80,Moderate
2026-03-11,10010,PM2.5,16.81,70.9,78,Moderate
2026-03-11,10010,PM10,17.02,18.5,22,Good
2026-03-11,10010,Ozone,45.29,17.5,30,Good
2026-03-11,10010,Nitrogen Dioxide,45.94,22.7,34,Good
2026-03-11,10010,Sulphur Dioxide,7.36,4.0,5,Good
2026-03-11,10010,Carbon Monoxide,297.54,3.3,5,Good
2026-03-11,10010,Overall,,70.9,78,Moderate
2026-03-12,10010,PM2.5,5.16,50.4,65,Moderate
2026-03-12,10010,PM10,5.22,10.0,15,Good
2026-03-12,10010,Ozone,60.5,28.7,32,Good
2026-03-12,10010,Nitrogen Dioxide,20.67,10.2,17,Good
2026-03-12,10010,Sulphur Dioxide,3.8,2.1,3,Good
2026-03-12,10010,Carbon Monoxide,225.75,2.2,3,Good
2026-03-12,10010,Overall,,50.4,65,Moderate
2026-03-13,10010,PM2.5,5.5,28.0,31,Good
2026-03-13,10010,PM10,6.33,4.8,6,Good
2026-03-13,10010,Ozone,71.75,30.8,38,Good
2026-03-13,10010,Nitrogen Dioxide,18.42,9.1,18,Good
2026-03-13,10010,Sulphur Dioxide,4.15,2.3,4,Good
2026-03-13,10010,Carbon Monoxide,217.46,2.1,3,Good
2026-03-13,10010,Overall,,31.3,38,Good
2026-03-14,10010,PM2.5,5.7,34.7,40,Good
2026-03-14,10010,PM10,6.01,6.4,7,Good
2026-03-14,10010,Ozone,75.21,35.8,43,Good
2026-03-14,10010,Nitrogen Dioxide,17.86,8.8,15,Good
2026-03-14,10010,Sulphur Dioxide,4.4,2.4,4,Good
2026-03-14,10010,Carbon Monoxide,219.79,2.0,2,Good
2026-03-14,10010,Overall,,38.5,43,Good
2026-03-15,10010,PM2.5,7.3,31.9,40,Good
2026-03-15,10010,PM10,8.29,5.5,7,Good
2026-03-15,10010,Ozone,71.96,32.5,39,Good
2026-03-15,10010,Nitrogen Dioxide,20.65,10.3,19,Good
2026-03-15,10010,Sulphur Dioxide,4.21,2.3,4,Good
2026-03-15,10010,Carbon Monoxide,237.67,2.3,3,Good
2026-03-15,10010,Overall,,33.5,40,Good
2026-03-16,10010,PM2.5,6.78,42.5,44,Good
2026-03-16,10010,PM10,7.99,8.5,9,Good
2026-03-16,10010,Ozone,59.42,30.8,45,Good
2026-03-16,10010,Nitrogen Dioxide,18.66,9.2,18,Good
2026-03-16,10010,Sulphur Dioxide,2.24,1.2,2,Good
2026-03-16,10010,Carbon Monoxide,166.83,2.0,2,Good
2026-03-16,10010,Overall,,42.7,45,Good
2026-03-17,10010,PM2.5,4.7,29.6,38,Good
2026-03-17,10010,PM10,5.05,5.3,7,Good
2026-03-17,10010,Ozone,82.46,35.7,42,Good
2026-03-17,10010,Nitrogen Dioxide,9.09,4.5,9,Good
2026-03-17,10010,Sulphur Dioxide,2.98,1.6,2,Good
2026-03-17,10010,Carbon Monoxide,198.08,1.8,2,Good
2026-03-17,10010,Overall,,37.9,42,Good
2026-03-18,10010,PM2.5,8.6,33.8,47,Good
2026-03-18,10010,PM10,9.05,5.9,8,Good
2026-03-18,10010,Ozone,64.75,34.6,38,Good
2026-03-18,10010,Nitrogen Dioxide,26.38,13.0,39,Good
2026-03-18,10010,Sulphur Dioxide,4.86,2.7,5,Good
2026-03-18,10010,Carbon Monoxide,255.46,2.2,3,Good
2026-03-18,10010,Overall,,37.3,47,Good
2026-03-19,10010,PM2.5,11.22,51.0,54,Moderate
2026-03-19,10010,PM10,12.61,9.4,11,Good
2026-03-19,10010,Ozone,52.12,23.8,37,Good
2026-03-19,10010,Nitrogen Dioxide,39.35,19.4,43,Good
2026-03-19,10010,Sulphur Dioxide,6.5,3.5,5,Good
2026-03-19,10010,Carbon Monoxide,276.5,2.7,3,Good
2026-03-19,10010,Overall,,51.0,54,Moderate
2026-03-20,10010,PM2.5,12.81,57.8,60,Moderate
2026-03-20,10010,PM10,13.13,12.9,14,Good
2026-03-20,10010,Ozone,60.21,23.8,40,Good
2026-03-20,10010,Nitrogen Dioxide,34.56,17.1,26,Good
2026-03-20,10010,Sulphur Dioxide,8.03,4.3,6,Good
2026-03-20,10010,Carbon Monoxide,276.42,2.8,3,Good
2026-03-20,10010,Overall,,57.8,60,Moderate
2026-03-21,10010,PM2.5,14.53,60.3,62,Moderate
2026-03-21,10010,PM10,14.82,13.3,14,Good
2026-03-21,10010,Ozone,60.08,32.2,40,Good
2026-03-21,10010,Nitrogen Dioxide,28.73,14.2,35,Good
2026-03-21,10010,Sulphur Dioxide,5.49,2.9,4,Good
2026-03-21,10010,Carbon Monoxide,316.0,2.9,4,Good
2026-03-21,10010,Overall,,60.3,62,Moderate
2026-03-22,10010,PM2.5,17.62,58.5,66,Moderate
2026-03-22,10010,PM10,19.39,13.2,17,Good
2026-03-22,10010,Ozone,49.46,24.3,38,Good
2026-03-22,10010,Nitrogen Dioxide,45.49,22.5,52,Moderate
2026-03-22,10010,Sulphur Dioxide,6.92,3.8,6,Good
2026-03-22,10010,Carbon Monoxide,361.75,3.4,5,Good
2026-03-22,10010,Overall,,58.5,66,Moderate
2026-03-23,10010,PM2.5,8.03,62.7,68,Moderate
2026-03-23,10010,PM10,8.19,15.0,18,Good
2026-03-23,10010,Ozone,55.25,20.2,33,Good
2026-03-23,10010,Nitrogen Dioxide,23.43,11.5,42,Good
2026-03-23,10010,Sulphur Dioxide,4.11,2.2,5,Good
2026-03-23,10010,Carbon Monoxide,310.25,3.5,5,Good
2026-03-23,10010,Overall,,62.7,68,Moderate
2026-03-24,10010,PM2.5,7.5,30.5,45,Good
2026-03-24,10010,PM10,8.05,5.5,7,Good
2026-03-24,10010,Ozone,70.67,36.1,41,Good
2026-03-24,10010,Nitrogen Dioxide,22.07,10.8,33,Good
2026-03-24,10010,Sulphur Dioxide,3.76,2.0,4,Good
2026-03-24,10010,Carbon Monoxide,232.83,2.1,3,Good
2026-03-24,10010,Overall,,37.6,45,Good
2026-03-25,10010,PM2.5,12.81,54.1,58,Moderate
2026-03-25,10010,PM10,13.49,10.9,13,Good
2026-03-25,10010,Ozone,51.83,21.0,34,Good
2026-03-25,10010,Nitrogen Dioxide,34.82,17.1,25,Good
2026-03-25,10010,Sulphur Dioxide,8.39,4.6,7,Good
2026-03-25,10010,Carbon Monoxide,298.5,3.0,4,Good
2026-03-25,10010,Overall,,54.1,58,Moderate
2026-03-26,10010,PM2.5,12.58,54.1,57,Moderate
2026-03-26,10010,PM10,13.18,11.0,12,Good
2026-03-26,10010,Ozone,85.38,37.5,45,Good
2026-03-26,10010,Nitrogen Dioxide,25.16,12.3,24,Good
2026-03-26,10010,Sulphur Dioxide,7.35,4.0,6,Good
2026-03-26,10010,Carbon Monoxide,242.83,2.2,3,Good
2026-03-26,10010,Overall,,54.1,57,Moderate
2026-03-27,10010,PM2.5,7.38,53.7,58,Moderate
2026-03-27,10010,PM10,7.54,10.4,12,Good
2026-03-27,10010,Ozone,70.54,38.1,44,Good
2026-03-27,10010,Nitrogen Dioxide,22.56,11.0,33,Good
2026-03-27,10010,Sulphur Dioxide,4.05,2.2,3,Good
2026-03-27,10010,Carbon Monoxide,270.58,2.4,3,Good
2026-03-27,10010,Overall,,53.7,58,Moderate
2026-03-28,10010,PM2.5,8.56,37.9,45,Good
2026-03-28,10010,PM10,9.35,6.6,8,Good
2026-03-28,10010,Ozone,70.12,31.5,43,Good
2026-03-28,10010,Nitrogen Dioxide,19.58,9.7,37,Good
2026-03-28,10010,Sulphur Dioxide,2.89,1.6,3,Good
2026-03-28,10010,Carbon Monoxide,273.83,2.4,3,Good
2026-03-28,10010,Overall,,38.4,45,Good
2026-03-29,10010,PM2.5,20.12,65.7,74,Moderate
2026-03-29,10010,PM10,20.85,16.6,20,Good
2026-03-29,10010,Ozone,43.38,18.4,38,Good
2026-03-29,10010,Nitrogen Dioxide,46.86,23.0,38,Good
2026-03-29,10010,Sulphur Dioxide,8.46,4.6,7,Good
2026-03-29,10010,Carbon Monoxide,353.33,3.6,5,Good
2026-03-29,10010,Overall,,65.7,74,Moderate
2026-03-30,10010,PM2.5,9.38,54.6,71,Moderate
2026-03-30,10010,PM10,9.79,11.0,19,Good
2026-03-30,10010,Ozone,77.25,35.2,40,Good
2026-03-30,10010,Nitrogen Dioxide,22.5,11.0,21,Good
2026-03-30,10010,Sulphur Dioxide,6.56,3.5,4,Good
2026-03-30,10010,Carbon Monoxide,232.75,2.0,2,Good
2026-03-30,10010,Overall,,54.6,71,Moderate
2026-03-31,10010,PM2.5,12.09,54.7,58,Moderate
2026-03-31,10010,PM10,12.29,10.9,12,Good
2026-03-31,10010,Ozone,74.08,33.7,41,Good
2026-03-31,10010,Nitrogen Dioxide,25.75,12.8,21,Good
2026-03-31,10010,Sulphur Dioxide,6.48,3.5,4,Good
2026-03-31,10010,Carbon Monoxide,225.38,2.0,3,Good
2026-03-31,10010,Overall,,54.7,58,Moderate
2026-04-01,10010,PM2.5,10.75,54.3,56,Moderate
2026-04-01,10010,PM10,11.29,10.6,11,Good
2026-04-01,10010,Ozone,68.12,33.2,38,Good
2026-04-01,10010,Nitrogen Dioxide,22.78,11.2,18,Good
2026-04-01,10010,Sulphur Dioxide,6.0,3.2,5,Good
2026-04-01,10010,Carbon Monoxide,232.25,2.1,3,Good
2026-04-01,10010,Overall,,54.3,56,Moderate
2026-04-02,10010,PM2.5,5.71,47.5,54,Moderate
2026-04-02,10010,PM10,5.99,8.5,10,Good
2026-04-02,10010,Ozone,71.17,32.2,35,Good
2026-04-02,10010,Nitrogen Dioxide,17.03,8.4,13,Good
2026-04-02,10010,Sulphur Dioxide,3.43,2.0,2,Good
2026-04-02,10010,Carbon Monoxide,232.5,2.2,3,Good
2026-04-02,10010,Overall,,47.5,54,Moderate
2026-04-03,10010,PM2.5,11.71,37.0,54,Moderate
2026-04-03,10010,PM10,12.95,6.9,11,Good
2026-04-03,10010,Ozone,54.12,27.9,32,Good
2026-04-03,10010,Nitrogen Dioxide,29.99,14.8,31,Good
2026-04-03,10010,Sulphur Dioxide,5.84,3.0,4,Good
2026-04-03,10010,Carbon Monoxide,240.5,2.1,3,Good
2026-04-03,10010,Overall,,37.3,54,Moderate
2026-04-04,10010,PM2.5,9.99,58.5,63,Moderate
2026-04-04,10010,PM10,10.47,12.9,15,Good
2026-04-04,10010,Ozone,56.58,23.4,36,Good
2026-04-04,10010,Nitrogen Dioxide,24.55,12.0,26,Good
2026-04-04,10010,Sulphur Dioxide,5.49,3.1,4,Good
2026-04-04,10010,Carbon Monoxide,251.54,2.4,3,Good
2026-04-04,10010,Overall,,58.5,63,Moderate
2026-04-05,10010,PM2.5,10.86,49.5,54,Moderate
2026-04-05,10010,PM10,12.1,9.6,11,Good
2026-04-05,10010,Ozone,52.62,25.5,33,Good
2026-04-05,10010,Nitrogen Dioxide,24.59,12.1,19,Good
2026-04-05,10010,Sulphur Dioxide,5.12,2.7,5,Good
2026-04-05,10010,Carbon Monoxide,246.25,2.3,3,Good
2026-04-05,10010,Overall,,49.5,54,Moderate
2026-04-06,10010,PM2.5,6.67,38.2,54,Moderate
2026-04-06,10010,PM10,7.22,7.0,11,Good
2026-04-06,10010,Ozone,75.0,36.5,47,Good
2026-04-06,10010,Nitrogen Dioxide,18.63,9.2,40,Good
2026-04-06,10010,Sulphur Dioxide,2.42,1.4,4,Good
2026-04-06,10010,Carbon Monoxide,236.38,2.1,3,Good
2026-04-06,10010,Overall,,45.7,54,Moderate
2026-04-07,10010,PM2.5,13.65,60.0,66,Moderate
2026-04-07,10010,PM10,14.24,14.0,17,Good
2026-04-07,10010,Ozone,57.71,23.0,45,Good
2026-04-07,10010,Nitrogen Dioxide,30.06,14.8,40,Good
2026-04-07,10010,Sulphur Dioxide,4.72,2.5,5,Good
2026-04-07,10010,Carbon Monoxide,293.67,3.4,6,Good
2026-04-07,10010,Overall,,60.1,66,Moderate
2026-04-08,10010,PM2.5,8.03,38.1,59,Moderate
2026-04-08,10010,PM10,8.76,6.9,13,Good
2026-04-08,10010,Ozone,70.17,35.2,38,Good
2026-04-08,10010,Nitrogen Dioxide,20.77,10.2,29,Good
2026-04-08,10010,Sulphur Dioxide,4.34,2.3,5,Good
2026-04-08,10010,Carbon Monoxide,214.08,2.0,2,Good
2026-04-08,10010,Overall,,41.3,59,Moderate
2026-04-09,10010,PM2.5,13.97,55.8,60,Moderate
2026-04-09,10010,PM10,16.97,12.6,15,Good
2026-04-09,10010,Ozone,56.54,25.6,41,Good
2026-04-09,10010,Nitrogen Dioxide,35.15,17.3,29,Good
2026-04-09,10010,Sulphur Dioxide,5.95,3.3,6,Good
2026-04-09,10010,Carbon Monoxide,240.54,2.4,3,Good
2026-04-09,10010,Overall,,55.8,60,Moderate
2026-04-10,10010,PM2.5,14.97,60.2,62,Moderate
2026-04-10,10010,PM10,17.78,16.1,17,Good
2026-04-10,10010,Ozone,55.54,25.8,38,Good
2026-04-10,10010,Nitrogen Dioxide,34.47,17.0,24,Good
2026-04-10,10010,Sulphur Dioxide,7.75,4.2,6,Good
2026-04-10,10010,Carbon Monoxide,242.96,2.2,3,Good
2026-04-10,10010,Overall,,60.2,62,Moderate
2026-04-11,10010,PM2.5,5.06,46.9,61,Moderate
2026-04-11,10010,PM10,5.32,10.2,16,Good
2026-04-11,10010,Ozone,79.17,35.5,43,Good
2026-04-11,10010,Nitrogen Dioxide,14.64,7.1,18,Good
2026-04-11,10010,Sulphur Dioxide,3.25,1.8,4,Good
2026-04-11,10010,Carbon Monoxide,203.71,2.0,2,Good
2026-04-11,10010,Overall,,50.2,61,Moderate
2026-04-12,10010,PM2.5,7.81,37.1,44,Good
2026-04-12,10010,PM10,8.76,6.6,8,Good
2026-04-12,10010,Ozone,74.5,34.2,44,Good
2026-04-12,10010,Nitrogen Dioxide,19.4,9.6,14,Good
2026-04-12,10010,Sulphur Dioxide,4.06,2.2,3,Good
2026-04-12,10010,Carbon Monoxide,216.0,2.0,2,Good
2026-04-12,10010,Overall,,38.2,44,Good
2026-04-13,10010,PM2.5,11.4,46.0,54,Moderate
2026-04-13,10010,PM10,12.11,8.9,11,Good
2026-04-13,10010,Ozone,92.71,44.5,75,Moderate
2026-04-13,10010,Nitrogen Dioxide,18.44,9.0,16,Good
2026-04-13,10010,Sulphur Dioxide,5.85,3.1,4,Good
2026-04-13,10010,Carbon Monoxide,211.79,2.0,2,Good
2026-04-13,10010,Overall,,49.4,75,Moderate
2026-04-14,10010,PM2.5,12.76,57.8,60,Moderate
2026-04-14,10010,PM10,13.16,12.2,13,Good
2026-04-14,10010,Ozone,74.25,35.5,55,Moderate
2026-04-14,10010,Nitrogen Dioxide,28.9,14.3,23,Good
2026-04-14,10010,Sulphur Dioxide,8.84,4.8,9,Good
2026-04-14,10010,Carbon Monoxide,256.92,2.4,3,Good
2026-04-14,10010,Overall,,57.8,60,Moderate
2026-04-15,10010,PM2.5,15.23,57.9,61,Moderate
2026-04-15,10010,PM10,16.02,12.5,14,Good
2026-04-15,10010,Ozone,72.83,36.4,54,Moderate
2026-04-15,10010,Nitrogen Dioxide,29.8,14.6,40,Good
2026-04-15,10010,Sulphur Dioxide,8.44,4.6,7,Good
2026-04-15,10010,Carbon Monoxide,220.38,2.0,2,Good
2026-04-15,10010,Overall,,57.9,61,Moderate
2026-04-16,10010,PM2.5,19.66,65.8,70,Moderate
2026-04-16,10010,PM10,20.19,16.5,18,Good
2026-04-16,10010,Ozone,63.08,28.2,53,Moderate
2026-04-16,10010,Nitrogen Dioxide,47.55,23.3,40,Good
2026-04-16,10010,Sulphur Dioxide,8.69,4.7,6,Good
2026-04-16,10010,Carbon Monoxide,261.71,2.5,3,Good
2026-04-16,10010,Overall,,65.8,70,Moderate
2026-04-17,10010,PM2.5,9.43,62.7,70,Moderate
2026-04-17,10010,PM10,9.7,14.7,18,Good
2026-04-17,10010,Ozone,75.33,36.8,47,Good
2026-04-17,10010,Nitrogen Dioxide,24.57,12.1,30,Good
2026-04-17,10010,Sulphur Dioxide,4.91,2.6,4,Good
2026-04-17,10010,Carbon Monoxide,203.96,2.2,3,Good
2026-04-17,10010,Overall,,62.7,70,Moderate
2026-04-18,10010,PM2.5,11.75,51.0,55,Moderate
2026-04-18,10010,PM10,12.84,9.3,12,Good
2026-04-18,10010,Ozone,67.0,28.7,42,Good
2026-04-18,10010,Nitrogen Dioxide,21.99,10.8,23,Good
2026-04-18,10010,Sulphur Dioxide,4.58,2.5,4,Good
2026-04-18,10010,Carbon Monoxide,239.29,2.4,3,Good
2026-04-18,10010,Overall,,51.0,55,Moderate
2026-04-19,10010,PM2.5,7.59,52.4,55,Moderate
2026-04-19,10010,PM10,8.62,10.9,12,Good
2026-04-19,10010,Ozone,66.79,32.5,37,Good
2026-04-19,10010,Nitrogen Dioxide,16.95,8.4,15,Good
2026-04-19,10010,Sulphur Dioxide,3.19,1.7,3,Good
2026-04-19,10010,Carbon Monoxide,212.96,2.0,2,Good
2026-04-19,10010,Overall,,52.4,55,Moderate
2026-04-20,10010,PM2.5,10.75,49.5,54,Moderate
2026-04-20,10010,PM10,11.45,9.5,11,Good
2026-04-20,10010,Ozone,62.96,27.3,44,Good
2026-04-20,10010,Nitrogen Dioxide,21.83,10.8,24,Good
2026-04-20,10010,Sulphur Dioxide,4.06,2.2,5,Good
2026-04-20,10010,Carbon Monoxide,233.04,2.2,3,Good
2026-04-20,10010,Overall,,49.5,54,Moderate
2026-04-21,10010,PM2.5,8.04,41.5,53,Moderate
2026-04-21,10010,PM10,8.78,7.5,10,Good
2026-04-21,10010,Ozone,79.04,36.9,43,Good
2026-04-21,10010,Nitrogen Dioxide,17.39,8.5,17,Good
2026-04-21,10010,Sulphur Dioxide,4.8,2.7,4,Good
2026-04-21,10010,Carbon Monoxide,208.67,2.0,2,Good
2026-04-21,10010,Overall,,43.3,53,Moderate
2026-04-22,10010,PM2.5,13.5,51.5,57,Moderate
2026-04-22,10010,PM10,16.96,10.8,15,Good
2026-04-22,10010,Ozone,81.71,40.9,47,Good
2026-04-22,10010,Nitrogen Dioxide,25.93,12.8,45,Good
2026-04-22,10010,Sulphur Dioxide,4.86,2.6,5,Good
2026-04-22,10010,Carbon Monoxide,220.08,2.0,3,Good
2026-04-22,10010,Overall,,51.5,57,Moderate
2026-04-23,10010,PM2.5,15.43,68.4,75,Moderate
2026-04-23,10010,PM10,17.29,20.0,24,Good
2026-04-23,10010,Ozone,60.88,25.8,57,Moderate
2026-04-23,10010,Nitrogen Dioxide,39.58,19.4,47,Good
2026-04-23,10010,Sulphur Dioxide,6.38,3.5,7,Good
2026-04-23,10010,Carbon Monoxide,348.04,3.5,5,Good
2026-04-23,10010,Overall,,68.4,75,Moderate
2026-04-24,10010,PM2.5,7.95,42.5,62,Moderate
2026-04-24,10010,PM10,10.6,9.2,16,Good
2026-04-24,10010,Ozone,73.38,34.5,45,Good
2026-04-24,10010,Nitrogen Dioxide,17.78,8.8,18,Good
2026-04-24,10010,Sulphur Dioxide,3.77,2.2,3,Good
2026-04-24,10010,Carbon Monoxide,221.96,2.0,2,Good
2026-04-24,10010,Overall,,44.3,62,Moderate
2026-04-25,10010,PM2.5,10.92,49.5,53,Moderate
2026-04-25,10010,PM10,13.14,10.9,12,Good
2026-04-25,10010,Ozone,63.33,31.2,37,Good
2026-04-25,10010,Nitrogen Dioxide,22.85,11.2,17,Good
2026-04-25,10010,Sulphur Dioxide,3.82,2.2,3,Good
2026-04-25,10010,Carbon Monoxide,205.29,2.0,2,Good
2026-04-25,10010,Overall,,49.5,53,Moderate
2026-04-26,10010,PM2.5,13.78,57.0,59,Moderate
2026-04-26,10010,PM10,15.61,13.1,14,Good
2026-04-26,10010,Ozone,59.33,28.6,39,Good
2026-04-26,10010,Nitrogen Dioxide,27.48,13.5,40,Good
2026-04-26,10010,Sulphur Dioxide,4.65,2.6,4,Good
2026-04-26,10010,Carbon Monoxide,218.29,2.0,2,Good
2026-04-26,10010,Overall,,57.0,59,Moderate
2026-04-27,10010,PM2.5,16.22,64.9,68,Moderate
2026-04-27,10010,PM10,16.78,16.7,19,Good
2026-04-27,10010,Ozone,48.25,22.3,43,Good
2026-04-27,10010,Nitrogen Dioxide,45.94,22.6,41,Good
2026-04-27,10010,Sulphur Dioxide,7.94,4.3,5,Good
2026-04-27,10010,Carbon Monoxide,275.29,2.7,3,Good
2026-04-27,10010,Overall,,64.9,68,Moderate
2026-04-28,10010,PM2.5,17.75,60.8,66,Moderate
2026-04-28,10010,PM10,19.4,14.1,17,Good
2026-04-28,10010,Ozone,41.62,21.1,33,Good
2026-04-28,10010,Nitrogen Dioxide,51.07,25.1,44,Good
2026-04-28,10010,Sulphur Dioxide,8.58,4.8,6,Good
2026-04-28,10010,Carbon Monoxide,254.88,2.7,3,Good
2026-04-28,10010,Overall,,60.8,66,Moderate
2026-04-29,10010,PM2.5,10.29,60.9,67,Moderate
2026-04-29,10010,PM10,12.18,15.2,18,Good
2026-04-29,10010,Ozone,61.67,24.3,39,Good
2026-04-29,10010,Nitrogen Dioxide,31.56,15.5,34,Good
2026-04-29,10010,Sulphur Dioxide,5.9,3.2,5,Good
2026-04-29,10010,Carbon Monoxide,199.54,2.0,2,Good
2026-04-29,10010,Overall,,60.9,67,Moderate
2026-04-30,10010,PM2.5,10.5,51.7,53,Moderate
2026-04-30,10010,PM10,11.99,10.6,11,Good
2026-04-30,10010,Ozone,64.0,30.5,34,Good
2026-04-30,10010,Nitrogen Dioxide,24.03,11.9,21,Good
2026-04-30,10010,Sulphur Dioxide,4.84,2.6,5,Good
2026-04-30,10010,Carbon Monoxide,201.96,2.0,2,Good
2026-04-30,10010,Overall,,51.7,53,Moderate
2026-05-01,10010,PM2.5,8.13,47.8,53,Moderate
2026-05-01,10010,PM10,8.62,9.0,11,Good
2026-05-01,10010,Ozone,72.42,34.0,45,Good
2026-05-01,10010,Nitrogen Dioxide,19.69,9.8,28,Good
2026-05-01,10010,Sulphur Dioxide,3.4,1.7,3,Good
2026-05-01,10010,Carbon Monoxide,201.79,2.0,2,Good
2026-05-01,10010,Overall,,48.1,53,Moderate
2026-05-02,10010,PM2.5,12.32,54.9,58,Moderate
2026-05-02,10010,PM10,12.91,11.3,13,Good
2026-05-02,10010,Ozone,68.79,30.9,42,Good
2026-05-02,10010,Nitrogen Dioxide,21.89,10.7,23,Good
2026-05-02,10010,Sulphur Dioxide,4.57,2.5,4,Good
2026-05-02,10010,Carbon Monoxide,208.38,2.0,2,Good
2026-05-02,10010,Overall,,54.9,58,Moderate
2026-05-03,10010,PM2.5,6.03,43.0,56,Moderate
2026-05-03,10010,PM10,6.54,7.9,12,Good
2026-05-03,10010,Ozone,74.17,34.5,43,Good
2026-05-03,10010,Nitrogen Dioxide,12.4,6.2,18,Good
2026-05-03,10010,Sulphur Dioxide,2.56,1.5,3,Good
2026-05-03,10010,Carbon Monoxide,186.25,2.0,2,Good
2026-05-03,10010,Overall,,45.0,56,Moderate
2026-05-04,10010,PM2.5,9.24,41.2,50,Good
2026-05-04,10010,PM10,9.83,7.4,9,Good
2026-05-04,10010,Ozone,89.75,42.3,77,Moderate
2026-05-04,10010,Nitrogen Dioxide,17.96,8.8,16,Good
2026-05-04,10010,Sulphur Dioxide,6.4,3.5,5,Good
2026-05-04,10010,Carbon Monoxide,204.54,2.0,2,Good
2026-05-04,10010,Overall,,47.0,77,Moderate
2026-05-05,10010,PM2.5,9.88,51.7,53,Moderate
2026-05-05,10010,PM10,10.17,9.5,10,Good
2026-05-05,10010,Ozone,113.62,61.9,107,Unhealthy for Sensitive Groups
2026-05-05,10010,Nitrogen Dioxide,16.49,8.2,12,Good
2026-05-05,10010,Sulphur Dioxide,5.86,3.2,5,Good
2026-05-05,10010,Carbon Monoxide,211.38,2.0,2,Good
2026-05-05,10010,Overall,,65.9,107,Unhealthy for Sensitive Groups
2026-05-06,10010,PM2.5,6.08,41.0,52,Moderate
2026-05-06,10010,PM10,6.22,7.0,9,Good
2026-05-06,10010,Ozone,93.38,51.1,88,Moderate
2026-05-06,10010,Nitrogen Dioxide,16.85,8.3,14,Good
2026-05-06,10010,Sulphur Dioxide,4.47,2.5,3,Good
2026-05-06,10010,Carbon Monoxide,185.08,2.0,2,Good
2026-05-06,10010,Overall,,51.1,88,Moderate
2026-05-07,10010,PM2.5,5.51,34.8,39,Good
2026-05-07,10010,PM10,5.91,6.0,7,Good
2026-05-07,10010,Ozone,75.04,36.6,44,Good
2026-05-07,10010,Nitrogen Dioxide,13.31,6.5,20,Good
2026-05-07,10010,Sulphur Dioxide,2.55,1.4,2,Good
2026-05-07,10010,Carbon Monoxide,207.79,2.0,2,Good
2026-05-07,10010,Overall,,38.3,44,Good
2026-05-08,10010,PM2.5,13.09,46.1,56,Moderate
2026-05-08,10010,PM10,13.67,8.4,12,Good
2026-05-08,10010,Ozone,66.08,30.8,48,Good
2026-05-08,10010,Nitrogen Dioxide,23.72,11.8,37,Good
2026-05-08,10010,Sulphur Dioxide,4.36,2.4,4,Good
2026-05-08,10010,Carbon Monoxide,246.54,2.7,4,Good
2026-05-08,10010,Overall,,46.1,56,Moderate
2026-05-09,10010,PM2.5,21.58,67.2,74,Moderate
2026-05-09,10010,PM10,22.39,17.0,20,Good
2026-05-09,10010,Ozone,43.08,21.1,40,Good
2026-05-09,10010,Nitrogen Dioxide,55.46,27.2,41,Good
2026-05-09,10010,Sulphur Dioxide,8.62,4.8,6,Good
2026-05-09,10010,Carbon Monoxide,287.79,2.6,4,Good
2026-05-09,10010,Overall,,67.2,74,Moderate
2026-05-10,10010,PM2.5,26.5,77.1,82,Moderate
2026-05-10,10010,PM10,28.53,23.0,26,Good
2026-05-10,10010,Ozone,60.92,27.4,56,Moderate
2026-05-10,10010,Nitrogen Dioxide,45.79,22.6,37,Good
2026-05-10,10010,Sulphur Dioxide,8.11,4.4,7,Good
2026-05-10,10010,Carbon Monoxide,254.96,2.7,3,Good
2026-05-10,10010,Overall,,77.1,82,Moderate
2026-05-11,10010,PM2.5,6.66,64.0,83,Moderate
2026-05-11,10010,PM10,6.97,15.8,26,Good
2026-05-11,10010,Ozone,69.0,31.6,38,Good
2026-05-11,10010,Nitrogen Dioxide,16.22,8.0,25,Good
2026-05-11,10010,Sulphur Dioxide,2.98,1.7,3,Good
2026-05-11,10010,Carbon Monoxide,198.12,2.0,2,Good
2026-05-11,10010,Overall,,64.0,83,Moderate
2026-05-12,10010,PM2.5,8.12,43.2,48,Good
2026-05-12,10010,PM10,8.57,7.4,8,Good
2026-05-12,10010,Ozone,69.46,31.5,42,Good
2026-05-12,10010,Nitrogen Dioxide,14.62,7.2,19,Good
2026-05-12,10010,Sulphur Dioxide,2.6,1.4,2,Good
2026-05-12,10010,Carbon Monoxide,184.25,2.2,3,Good
2026-05-12,10010,Overall,,43.2,48,Good
2026-05-13,10010,PM2.5,13.0,52.2,58,Moderate
2026-05-13,10010,PM10,15.88,11.0,14,Good
2026-05-13,10010,Ozone,85.46,37.3,50,Good
2026-05-13,10010,Nitrogen Dioxide,16.64,8.2,17,Good
2026-05-13,10010,Sulphur Dioxide,1.59,1.0,1,Good
2026-05-13,10010,Carbon Monoxide,173.46,2.0,2,Good
2026-05-13,10010,Overall,,52.2,58,Moderate
2026-05-14,10010,PM2.5,9.86,55.3,58,Moderate
2026-05-14,10010,PM10,11.69,13.1,14,Good
2026-05-14,10010,Ozone,75.79,36.9,46,Good
2026-05-14,10010,Nitrogen Dioxide,16.27,8.0,23,Good
2026-05-14,10010,Sulphur Dioxide,1.19,0.5,1,Good
2026-05-14,10010,Carbon Monoxide,191.29,2.0,2,Good
2026-05-14,10010,Overall,,55.3,58,Moderate
2026-05-15,10010,PM2.5,8.06,42.3,52,Moderate
2026-05-15,10010,PM10,8.47,7.8,11,Good
2026-05-15,10010,Ozone,55.71,28.7,38,Good
2026-05-15,10010,Nitrogen Dioxide,12.8,6.1,26,Good
2026-05-15,10010,Sulphur Dioxide,0.83,0.3,1,Good
2026-05-15,10010,Carbon Monoxide,179.29,2.0,2,Good
2026-05-15,10010,Overall,,42.5,52,Moderate
2026-05-16,10010,PM2.5,14.78,58.4,65,Moderate
2026-05-16,10010,PM10,15.65,12.9,16,Good
2026-05-16,10010,Ozone,69.75,30.9,77,Moderate
2026-05-16,10010,Nitrogen Dioxide,29.04,14.2,28,Good
2026-05-16,10010,Sulphur Dioxide,1.75,1.0,1,Good
2026-05-16,10010,Carbon Monoxide,210.04,2.0,2,Good
2026-05-16,10010,Overall,,60.0,77,Moderate
2026-05-17,10010,PM2.5,13.59,55.3,61,Moderate
2026-05-17,10010,PM10,14.86,11.6,14,Good
2026-05-17,10010,Ozone,100.83,58.9,109,Unhealthy for Sensitive Groups
2026-05-17,10010,Nitrogen Dioxide,21.11,10.4,34,Good
2026-05-17,10010,Sulphur Dioxide,1.75,1.0,2,Good
2026-05-17,10010,Carbon Monoxide,201.42,2.0,2,Good
2026-05-17,10010,Overall,,67.4,109,Unhealthy for Sensitive Groups
2026-05-18,10010,PM2.5,22.87,69.2,77,Moderate
2026-05-18,10010,PM10,24.46,18.5,22,Good
2026-05-18,10010,Ozone,99.5,57.5,123,Unhealthy for Sensitive Groups
2026-05-18,10010,Nitrogen Dioxide,28.65,14.2,30,Good
2026-05-18,10010,Sulphur Dioxide,2.8,1.5,2,Good
2026-05-18,10010,Carbon Monoxide,256.12,2.7,4,Good
2026-05-18,10010,Overall,,78.0,123,Unhealthy for Sensitive Groups
2026-05-19,10010,PM2.5,16.27,70.2,76,Moderate
2026-05-19,10010,PM10,18.23,19.9,22,Good
2026-05-19,10010,Ozone,103.88,66.2,139,Unhealthy for Sensitive Groups
2026-05-19,10010,Nitrogen Dioxide,24.25,12.0,25,Good
2026-05-19,10010,Sulphur Dioxide,2.25,1.1,2,Good
2026-05-19,10010,Carbon Monoxide,195.58,2.0,2,Good
2026-05-19,10010,Overall,,86.4,139,Unhealthy for Sensitive Groups
2026-05-20,10010,PM2.5,10.67,59.5,64,Moderate
2026-05-20,10010,PM10,11.65,14.2,17,Good
2026-05-20,10010,Ozone,83.54,43.3,80,Moderate
2026-05-20,10010,Nitrogen Dioxide,18.85,9.2,23,Good
2026-05-20,10010,Sulphur Dioxide,1.68,0.8,2,Good
2026-05-20,10010,Carbon Monoxide,184.17,2.0,2,Good
2026-05-20,10010,Overall,,62.9,80,Moderate
2026-05-21,10010,PM2.5,15.55,49.2,60,Moderate
2026-05-21,10010,PM10,16.11,9.3,13,Good
2026-05-21,10010,Ozone,39.54,22.6,35,Good
2026-05-21,10010,Nitrogen Dioxide,26.62,13.0,35,Good
2026-05-21,10010,Sulphur Dioxide,2.02,1.0,2,Good
2026-05-21,10010,Carbon Monoxide,200.75,2.0,2,Good
2026-05-21,10010,Overall,,49.2,60,Moderate
2026-05-22,10010,PM2.5,20.58,80.5,86,Moderate
2026-05-22,10010,PM10,21.94,23.4,26,Good
2026-05-22,10010,Ozone,53.33,19.7,41,Good
2026-05-22,10010,Nitrogen Dioxide,30.49,14.9,36,Good
2026-05-22,10010,Sulphur Dioxide,2.56,1.5,3,Good
2026-05-22,10010,Carbon Monoxide,210.92,2.4,4,Good
2026-05-22,10010,Overall,,80.5,86,Moderate
2026-05-23,10010,PM2.5,11.9,57.1,72,Moderate
2026-05-23,10010,PM10,14.35,13.8,20,Good
2026-05-23,10010,Ozone,59.38,27.9,35,Good
2026-05-23,10010,Nitrogen Dioxide,19.68,9.7,12,Good
2026-05-23,10010,Sulphur Dioxide,1.47,1.0,1,Good
2026-05-23,10010,Carbon Monoxide,166.88,1.8,2,Good
2026-05-23,10010,Overall,,57.1,72,Moderate
2026-05-24,10010,PM2.5,9.73,52.8,55,Moderate
2026-05-24,10010,PM10,10.89,11.1,13,Good
2026-05-24,10010,Ozone,65.58,32.1,36,Good
2026-05-24,10010,Nitrogen Dioxide,16.49,8.1,23,Good
2026-05-24,10010,Sulphur Dioxide,1.16,0.5,1,Good
2026-05-24,10010,Carbon Monoxide,147.33,1.2,2,Good
2026-05-24,10010,Overall,,52.8,55,Moderate
2026-05-25,10010,PM2.5,18.89,57.4,67,Moderate
2026-05-25,10010,PM10,19.62,12.8,17,Good
2026-05-25,10010,Ozone,21.83,12.5,25,Good
2026-05-25,10010,Nitrogen Dioxide,43.0,21.2,36,Good
2026-05-25,10010,Sulphur Dioxide,2.67,1.5,2,Good
2026-05-25,10010,Carbon Monoxide,238.96,2.0,2,Good
2026-05-25,10010,Overall,,57.4,67,Moderate
2026-05-26,10010,PM2.5,19.88,72.5,75,Moderate
2026-05-26,10010,PM10,20.11,19.3,21,Good
2026-05-26,10010,Ozone,65.58,30.5,84,Moderate
2026-05-26,10010,Nitrogen Dioxide,36.33,17.9,36,Good
2026-05-26,10010,Sulphur Dioxide,2.22,1.4,2,Good
2026-05-26,10010,Carbon Monoxide,232.62,2.3,3,Good
2026-05-26,10010,Overall,,73.4,84,Moderate
2026-05-27,10010,PM2.5,19.66,71.1,74,Moderate
2026-05-27,10010,PM10,19.93,18.5,20,Good
2026-05-27,10010,Ozone,63.38,28.1,45,Good
2026-05-27,10010,Nitrogen Dioxide,28.97,14.3,26,Good
2026-05-27,10010,Sulphur Dioxide,2.58,1.3,2,Good
2026-05-27,10010,Carbon Monoxide,233.79,2.0,2,Good
2026-05-27,10010,Overall,,71.1,74,Moderate
2026-05-28,10010,PM2.5,8.48,57.3,70,Moderate
2026-05-28,10010,PM10,8.87,12.0,18,Good
2026-05-28,10010,Ozone,69.46,32.8,42,Good
2026-05-28,10010,Nitrogen Dioxide,9.49,4.7,16,Good
2026-05-28,10010,Sulphur Dioxide,0.75,0.2,1,Good
2026-05-28,10010,Carbon Monoxide,158.04,1.7,2,Good
2026-05-28,10010,Overall,,57.3,70,Moderate
2026-05-29,10010,PM2.5,6.35,46.6,51,Moderate
2026-05-29,10010,PM10,6.81,8.2,9,Good
2026-05-29,10010,Ozone,70.08,31.8,46,Good
2026-05-29,10010,Nitrogen Dioxide,12.64,6.2,16,Good
2026-05-29,10010,Sulphur Dioxide,0.83,0.2,1,Good
2026-05-29,10010,Carbon Monoxide,151.79,1.3,2,Good
2026-05-29,10010,Overall,,47.4,51,Moderate
2026-05-30,10010,PM2.5,5.14,27.1,35,Good
2026-05-30,10010,PM10,5.48,4.9,6,Good
2026-05-30,10010,Ozone,75.5,35.8,38,Good
2026-05-30,10010,Nitrogen Dioxide,7.15,3.5,16,Good
2026-05-30,10010,Sulphur Dioxide,0.75,0.2,1,Good
2026-05-30,10010,Carbon Monoxide,135.25,1.2,2,Good
2026-05-30,10010,Overall,,35.8,38,Good
2026-05-31,10010,PM2.5,13.0,49.0,57,Moderate
2026-05-31,10010,PM10,13.54,9.1,12,Good
2026-05-31,10010,Ozone,56.33,27.6,43,Good
2026-05-31,10010,Nitrogen Dioxide,24.16,11.9,29,Good
2026-05-31,10010,Sulphur Dioxide,1.28,0.7,1,Good
2026-05-31,10010,Carbon Monoxide,176.04,1.6,2,Good
2026-05-31,10010,Overall,,49.1,57,Moderate
2026-06-01,10010,PM2.5,14.27,60.6,61,Moderate
2026-06-01,10010,PM10,15.2,13.8,14,Good
2026-06-01,10010,Ozone,61.58,26.0,47,Good
2026-06-01,10010,Nitrogen Dioxide,24.61,12.1,30,Good
2026-06-01,10010,Sulphur Dioxide,1.53,1.0,1,Good
2026-06-01,10010,Carbon Monoxide,156.58,1.5,2,Good
2026-06-01,10010,Overall,,60.6,61,Moderate
2026-06-02,10010,PM2.5,16.36,61.6,64,Moderate
2026-06-02,10010,PM10,18.96,15.8,17,Good
2026-06-02,10010,Ozone,58.96,29.4,47,Good
2026-06-02,10010,Nitrogen Dioxide,27.57,13.6,33,Good
2026-06-02,10010,Sulphur Dioxide,1.49,0.6,1,Good
2026-06-02,10010,Carbon Monoxide,177.42,1.6,2,Good
2026-06-02,10010,Overall,,61.6,64,Moderate
2026-06-03,10010,PM2.5,6.83,50.3,64,Moderate
2026-06-03,10010,PM10,7.3,10.5,17,Good
2026-06-03,10010,Ozone,83.83,37.4,67,Moderate
2026-06-03,10010,Nitrogen Dioxide,15.44,7.4,19,Good
2026-06-03,10010,Sulphur Dioxide,1.28,0.7,1,Good
2026-06-03,10010,Carbon Monoxide,171.62,1.8,2,Good
2026-06-03,10010,Overall,,55.5,67,Moderate
2026-06-04,10010,PM2.5,14.04,50.8,59,Moderate
2026-06-04,10010,PM10,15.0,10.0,13,Good
2026-06-04,10010,Ozone,85.88,51.5,115,Unhealthy for Sensitive Groups
2026-06-04,10010,Nitrogen Dioxide,35.29,17.3,46,Good
2026-06-04,10010,Sulphur Dioxide,2.12,1.1,2,Good
2026-06-04,10010,Carbon Monoxide,197.17,2.0,2,Good
2026-06-04,10010,Overall,,62.9,115,Unhealthy for Sensitive Groups
2026-06-05,10010,PM2.5,21.35,70.2,73,Moderate
2026-06-05,10010,PM10,22.71,19.1,21,Good
2026-06-05,10010,Ozone,77.75,45.0,119,Unhealthy for Sensitive Groups
2026-06-05,10010,Nitrogen Dioxide,48.52,23.9,48,Good
2026-06-05,10010,Sulphur Dioxide,2.29,1.2,2,Good
2026-06-05,10010,Carbon Monoxide,299.83,2.8,4,Good
2026-06-05,10010,Overall,,78.3,119,Unhealthy for Sensitive Groups
2026-06-06,10010,PM2.5,13.72,64.9,73,Moderate
2026-06-06,10010,PM10,14.33,16.3,21,Good
2026-06-06,10010,Ozone,116.38,72.7,137,Unhealthy for Sensitive Groups
2026-06-06,10010,Nitrogen Dioxide,16.57,8.2,21,Good
2026-06-06,10010,Sulphur Dioxide,2.49,1.5,2,Good
2026-06-06,10010,Carbon Monoxide,180.75,2.0,3,Good
2026-06-06,10010,Overall,,85.1,137,Unhealthy for Sensitive Groups
2026-06-07,10010,PM2.5,6.37,48.3,59,Moderate
2026-06-07,10010,PM10,6.71,9.1,13,Good
2026-06-07,10010,Ozone,85.25,42.0,69,Moderate
2026-06-07,10010,Nitrogen Dioxide,7.68,3.8,7,Good
2026-06-07,10010,Sulphur Dioxide,0.95,0.5,1,Good
2026-06-07,10010,Carbon Monoxide,151.04,1.4,2,Good
2026-06-07,10010,Overall,,49.7,69,Moderate
2026-06-08,10010,PM2.5,8.05,38.4,43,Good
2026-06-08,10010,PM10,8.39,6.4,7,Good
2026-06-08,10010,Ozone,79.5,38.2,54,Moderate
2026-06-08,10010,Nitrogen Dioxide,10.57,5.2,17,Good
2026-06-08,10010,Sulphur Dioxide,1.56,1.0,1,Good
2026-06-08,10010,Carbon Monoxide,139.29,1.0,1,Good
2026-06-08,10010,Overall,,42.0,54,Moderate
2026-06-09,10010,PM2.5,12.92,50.0,57,Moderate
2026-06-09,10010,PM10,13.96,9.5,12,Good
2026-06-09,10010,Ozone,79.62,38.2,74,Moderate
2026-06-09,10010,Nitrogen Dioxide,18.2,9.0,17,Good
2026-06-09,10010,Sulphur Dioxide,1.9,1.0,1,Good
2026-06-09,10010,Carbon Monoxide,154.54,1.5,2,Good
2026-06-09,10010,Overall,,52.7,74,Moderate
2026-06-10,10010,PM2.5,17.63,62.2,66,Moderate
2026-06-10,10010,PM10,20.17,15.9,19,Good
2026-06-10,10010,Ozone,79.33,39.4,69,Moderate
2026-06-10,10010,Nitrogen Dioxide,21.83,10.8,19,Good
2026-06-10,10010,Sulphur Dioxide,2.27,1.2,2,Good
2026-06-10,10010,Carbon Monoxide,174.33,1.9,2,Good
2026-06-10,10010,Overall,,62.3,69,Moderate
2026-06-11,10010,PM2.5,11.75,63.1,68,Moderate
2026-06-11,10010,PM10,11.97,15.6,19,Good
2026-06-11,10010,Ozone,92.21,51.2,110,Unhealthy for Sensitive Groups
2026-06-11,10010,Nitrogen Dioxide,17.6,8.6,17,Good
2026-06-11,10010,Sulphur Dioxide,1.8,1.0,1,Good
2026-06-11,10010,Carbon Monoxide,199.92,2.0,2,Good
2026-06-11,10010,Overall,,73.5,110,Unhealthy for Sensitive Groups
2026-06-12,10010,PM2.5,10.78,51.5,55,Moderate
2026-06-12,10010,PM10,11.42,9.3,11,Good
2026-06-12,10010,Ozone,92.75,49.5,90,Moderate
2026-06-12,10010,Nitrogen Dioxide,11.43,5.5,10,Good
2026-06-12,10010,Sulphur Dioxide,1.47,1.0,1,Good
2026-06-12,10010,Carbon Monoxide,163.21,1.7,2,Good
2026-06-12,10010,Overall,,59.4,90,Moderate
2026-06-13,10010,PM2.5,5.69,47.0,54,Moderate
2026-06-13,10010,PM10,6.16,8.6,11,Good
2026-06-13,10010,Ozone,92.62,47.4,73,Moderate
2026-06-13,10010,Nitrogen Dioxide,9.4,4.5,23,Good
2026-06-13,10010,Sulphur Dioxide,1.07,0.6,1,Good
2026-06-13,10010,Carbon Monoxide,151.75,1.3,2,Good
2026-06-13,10010,Overall,,55.0,73,Moderate
2026-06-14,10010,PM2.5,13.63,49.0,59,Moderate
2026-06-14,10010,PM10,14.47,9.3,13,Good
2026-06-14,10010,Ozone,94.0,53.8,119,Unhealthy for Sensitive Groups
2026-06-14,10010,Nitrogen Dioxide,20.14,10.0,25,Good
2026-06-14,10010,Sulphur Dioxide,2.06,1.1,2,Good
2026-06-14,10010,Carbon Monoxide,166.33,1.8,2,Good
2026-06-14,10010,Overall,,65.2,119,Unhealthy for Sensitive Groups
2026-06-15,10010,PM2.5,7.47,51.4,59,Moderate
2026-06-15,10010,PM10,7.93,10.2,13,Good
2026-06-15,10010,Ozone,76.42,39.6,62,Moderate
2026-06-15,10010,Nitrogen Dioxide,7.73,3.8,9,Good
2026-06-15,10010,Sulphur Dioxide,0.81,0.3,1,Good
2026-06-15,10010,Carbon Monoxide,133.79,1.0,1,Good
2026-06-15,10010,Overall,,51.5,62,Moderate
2026-06-16,10010,PM2.5,7.26,41.6,45,Good
2026-06-16,10010,PM10,7.63,7.1,8,Good
2026-06-16,10010,Ozone,77.83,36.8,75,Moderate
2026-06-16,10010,Nitrogen Dioxide,12.1,5.9,16,Good
2026-06-16,10010,Sulphur Dioxide,1.49,0.9,1,Good
2026-06-16,10010,Carbon Monoxide,141.25,1.0,1,Good
2026-06-16,10010,Overall,,48.8,75,Moderate
2026-06-17,10010,PM2.5,15.51,55.4,63,Moderate
2026-06-17,10010,PM10,18.35,12.8,17,Good
2026-06-17,10010,Ozone,84.79,43.8,81,Moderate
2026-06-17,10010,Nitrogen Dioxide,19.1,9.5,19,Good
2026-06-17,10010,Sulphur Dioxide,2.2,1.2,2,Good
2026-06-17,10010,Carbon Monoxide,149.67,1.4,2,Good
2026-06-17,10010,Overall,,58.5,81,Moderate
2026-06-18,10010,PM2.5,9.12,54.5,62,Moderate
2026-06-18,10010,PM10,10.15,12.0,17,Good
2026-06-18,10010,Ozone,99.29,48.8,75,Moderate
2026-06-18,10010,Nitrogen Dioxide,9.75,4.8,9,Good
2026-06-18,10010,Sulphur Dioxide,1.39,1.0,1,Good
2026-06-18,10010,Carbon Monoxide,152.42,1.5,2,Good
2026-06-18,10010,Overall,,59.7,75,Moderate
2026-06-19,10010,PM2.5,6.52,44.2,50,Good
2026-06-19,10010,PM10,6.92,7.7,9,Good
2026-06-19,10010,Ozone,89.0,43.3,54,Moderate
2026-06-19,10010,Nitrogen Dioxide,4.94,2.4,5,Good
2026-06-19,10010,Sulphur Dioxide,0.71,0.1,1,Good
2026-06-19,10010,Carbon Monoxide,125.92,1.0,1,Good
2026-06-19,10010,Overall,,47.3,54,Moderate
2026-06-20,10010,PM2.5,4.54,27.9,36,Good
2026-06-20,10010,PM10,4.74,4.9,6,Good
2026-06-20,10010,Ozone,75.58,36.3,42,Good
2026-06-20,10010,Nitrogen Dioxide,5.74,2.8,12,Good
2026-06-20,10010,Sulphur Dioxide,0.65,0.0,0,Good
2026-06-20,10010,Carbon Monoxide,114.96,1.0,1,Good
2026-06-20,10010,Overall,,36.7,42,Good
2026-06-21,10010,PM2.5,12.52,47.4,55,Moderate
2026-06-21,10010,PM10,12.8,8.7,11,Good
2026-06-21,10010,Ozone,69.46,34.1,68,Moderate
2026-06-21,10010,Nitrogen Dioxide,21.72,10.5,38,Good
2026-06-21,10010,Sulphur Dioxide,1.2,0.6,1,Good
2026-06-21,10010,Carbon Monoxide,143.58,1.0,1,Good
2026-06-21,10010,Overall,,49.9,68,Moderate
2026-06-22,10010,PM2.5,24.9,73.5,84,Moderate
2026-06-22,10010,PM10,27.12,20.5,27,Good
2026-06-22,10010,Ozone,53.79,23.8,46,Good
2026-06-22,10010,Nitrogen Dioxide,43.15,21.2,43,Good
2026-06-22,10010,Sulphur Dioxide,2.27,1.2,2,Good
2026-06-22,10010,Carbon Monoxide,183.79,1.7,2,Good
2026-06-22,10010,Overall,,73.5,84,Moderate
2026-06-23,10010,PM2.5,11.45,59.1,80,Moderate
2026-06-23,10010,PM10,11.73,14.0,25,Good
2026-06-23,10010,Ozone,55.62,30.0,41,Good
2026-06-23,10010,Nitrogen Dioxide,21.79,10.8,27,Good
2026-06-23,10010,Sulphur Dioxide,1.48,1.0,1,Good
2026-06-23,10010,Carbon Monoxide,228.88,1.7,3,Good
2026-06-23,10010,Overall,,59.1,80,Moderate
2026-06-24,10010,PM2.5,8.96,54.5,56,Moderate
2026-06-24,10010,PM10,9.52,10.5,11,Good
2026-06-24,10010,Ozone,63.79,28.1,42,Good
2026-06-24,10010,Nitrogen Dioxide,12.39,6.0,21,Good
2026-06-24,10010,Sulphur Dioxide,0.77,0.2,1,Good
2026-06-24,10010,Carbon Monoxide,177.75,1.8,4,Good
2026-06-24,10010,Overall,,54.5,56,Moderate
2026-06-25,10010,PM2.5,15.1,57.4,62,Moderate
2026-06-25,10010,PM10,15.93,12.5,14,Good
2026-06-25,10010,Ozone,70.83,32.2,78,Moderate
2026-06-25,10010,Nitrogen Dioxide,24.91,12.3,25,Good
2026-06-25,10010,Sulphur Dioxide,1.88,1.1,2,Good
2026-06-25,10010,Carbon Monoxide,189.75,2.0,3,Good
2026-06-25,10010,Overall,,60.2,78,Moderate
2026-06-26,10010,PM2.5,15.27,58.1,62,Moderate
2026-06-26,10010,PM10,16.43,13.1,14,Good
2026-06-26,10010,Ozone,89.79,47.6,71,Moderate
2026-06-26,10010,Nitrogen Dioxide,19.01,9.4,26,Good
2026-06-26,10010,Sulphur Dioxide,1.89,1.0,1,Good
2026-06-26,10010,Carbon Monoxide,153.96,1.3,2,Good
2026-06-26,10010,Overall,,59.9,71,Moderate
2026-06-27,10010,PM2.5,29.2,74.0,86,Moderate
2026-06-27,10010,PM10,29.79,20.4,26,Good
2026-06-27,10010,Ozone,75.17,37.4,72,Moderate
2026-06-27,10010,Nitrogen Dioxide,32.74,16.2,59,Moderate
2026-06-27,10010,Sulphur Dioxide,2.8,1.5,2,Good
2026-06-27,10010,Carbon Monoxide,186.42,2.0,2,Good
2026-06-27,10010,Overall,,74.0,86,Moderate
2026-06-28,10010,PM2.5,45.66,123.5,137,Unhealthy for Sensitive Groups
2026-06-28,10010,PM10,46.7,41.3,47,Good
2026-06-28,10010,Ozone,86.12,56.8,159,Unhealthy
2026-06-28,10010,Nitrogen Dioxide,53.19,26.6,63,Moderate
2026-06-28,10010,Sulphur Dioxide,3.43,1.8,3,Good
2026-06-28,10010,Carbon Monoxide,168.75,1.7,2,Good
2026-06-28,10010,Overall,,126.2,159,Unhealthy
2026-06-29,10010,PM2.5,28.39,95.7,125,Unhealthy for Sensitive Groups
2026-06-29,10010,PM10,30.02,31.5,42,Good
2026-06-29,10010,Ozone,98.29,66.4,159,Unhealthy
2026-06-29,10010,Nitrogen Dioxide,35.49,17.6,42,Good
2026-06-29,10010,Sulphur Dioxide,2.92,1.6,2,Good
2026-06-29,10010,Carbon Monoxide,199.96,1.9,2,Good
2026-06-29,10010,Overall,,113.0,159,Unhealthy
2026-06-30,10010,PM2.5,16.55,73.1,87,Moderate
2026-06-30,10010,PM10,17.43,20.3,27,Good
2026-06-30,10010,Ozone,101.71,67.1,134,Unhealthy for Sensitive Groups
2026-06-30,10010,Nitrogen Dioxide,18.78,9.3,15,Good
2026-06-30,10010,Sulphur Dioxide,2.17,1.0,1,Good
2026-06-30,10010,Carbon Monoxide,159.04,1.8,2,Good
2026-06-30,10010,Overall,,89.3,134,Unhealthy for Sensitive Groups
2026-07-01,10010,PM2.5,18.39,62.4,66,Moderate
2026-07-01,10010,PM10,21.4,15.6,19,Good
2026-07-01,10010,Ozone,105.67,72.2,153,Unhealthy
2026-07-01,10010,Nitrogen Dioxide,18.09,9.0,35,Good
2026-07-01,10010,Sulphur Dioxide,2.18,1.1,2,Good
2026-07-01,10010,Carbon Monoxide,164.58,1.2,2,Good
2026-07-01,10010,Overall,,85.5,153,Unhealthy
2026-07-02,10010,PM2.5,22.94,77.2,81,Moderate
2026-07-02,10010,PM10,26.6,24.5,27,Good
2026-07-02,10010,Ozone,103.58,63.5,135,Unhealthy for Sensitive Groups
2026-07-02,10010,Nitrogen Dioxide,24.42,12.0,35,Good
2026-07-02,10010,Sulphur Dioxide,2.47,1.4,2,Good
2026-07-02,10010,Carbon Monoxide,193.5,2.0,2,Good
2026-07-02,10010,Overall,,89.8,135,Unhealthy for Sensitive Groups
2026-07-03,10010,PM2.5,10.59,61.4,76,Moderate
2026-07-03,10010,PM10,11.76,16.0,24,Good
2026-07-03,10010,Ozone,99.96,59.7,106,Unhealthy for Sensitive Groups
2026-07-03,10010,Nitrogen Dioxide,10.94,5.4,13,Good
2026-07-03,10010,Sulphur Dioxide,1.52,1.0,1,Good
2026-07-03,10010,Carbon Monoxide,160.96,1.4,2,Good
2026-07-03,10010,Overall,,74.1,106,Unhealthy for Sensitive Groups
2026-07-04,10010,PM2.5,14.35,57.9,61,Moderate
2026-07-04,10010,PM10,15.4,13.2,15,Good
2026-07-04,10010,Ozone,101.29,59.3,117,Unhealthy for Sensitive Groups
2026-07-04,10010,Nitrogen Dioxide,13.09,6.3,21,Good
2026-07-04,10010,Sulphur Dioxide,1.45,0.9,1,Good
2026-07-04,10010,Carbon Monoxide,147.08,1.3,2,Good
2026-07-04,10010,Overall,,72.5,117,Unhealthy for Sensitive Groups
2026-07-05,10010,PM2.5,19.4,63.6,70,Moderate
2026-07-05,10010,PM10,20.29,15.3,19,Good
2026-07-05,10010,Ozone,100.62,61.3,133,Unhealthy for Sensitive Groups
2026-07-05,10010,Nitrogen Dioxide,20.0,9.8,19,Good
2026-07-05,10010,Sulphur Dioxide,2.15,1.1,2,Good
2026-07-05,10010,Carbon Monoxide,158.08,1.4,2,Good
2026-07-05,10010,Overall,,79.1,133,Unhealthy for Sensitive Groups
2026-07-06,10010,PM2.5,11.97,67.2,71,Moderate
2026-07-06,10010,PM10,12.96,17.5,19,Good
2026-07-06,10010,Ozone,75.0,40.0,84,Moderate
2026-07-06,10010,Nitrogen Dioxide,15.6,7.7,12,Good
2026-07-06,10010,Sulphur Dioxide,1.33,1.0,1,Good
2026-07-06,10010,Carbon Monoxide,143.67,1.2,2,Good
2026-07-06,10010,Overall,,67.8,84,Moderate
2026-07-07,10010,PM2.5,5.71,38.8,56,Moderate
2026-07-07,10010,PM10,5.85,6.8,12,Good
2026-07-07,10010,Ozone,65.88,31.4,36,Good
2026-07-07,10010,Nitrogen Dioxide,12.88,6.4,10,Good
2026-07-07,10010,Sulphur Dioxide,1.29,1.0,1,Good
2026-07-07,10010,Carbon Monoxide,175.29,2.0,2,Good
2026-07-07,10010,Overall,,39.9,56,Moderate
2026-07-08,10010,PM2.5,11.78,42.0,54,Moderate
2026-07-08,10010,PM10,12.08,7.1,11,Good
2026-07-08,10010,Ozone,82.96,41.7,89,Moderate
2026-07-08,10010,Nitrogen Dioxide,18.41,9.0,25,Good
2026-07-08,10010,Sulphur Dioxide,1.5,1.0,1,Good
2026-07-08,10010,Carbon Monoxide,177.0,2.0,2,Good
2026-07-08,10010,Overall,,49.9,89,Moderate
2026-07-09,10010,PM2.5,13.62,58.4,60,Moderate
2026-07-09,10010,PM10,14.11,12.6,14,Good
2026-07-09,10010,Ozone,79.04,43.3,85,Moderate
2026-07-09,10010,Nitrogen Dioxide,25.16,12.4,23,Good
2026-07-09,10010,Sulphur Dioxide,2.23,1.1,2,Good
2026-07-09,10010,Carbon Monoxide,189.29,2.0,2,Good
2026-07-09,10010,Overall,,62.0,85,Moderate
2026-07-10,10010,PM2.5,15.2,61.0,62,Moderate
2026-07-10,10010,PM10,15.74,13.9,15,Good
2026-07-10,10010,Ozone,83.12,42.6,90,Moderate
2026-07-10,10010,Nitrogen Dioxide,20.8,10.3,23,Good
2026-07-10,10010,Sulphur Dioxide,1.97,1.0,1,Good
2026-07-10,10010,Carbon Monoxide,218.0,2.0,2,Good
2026-07-10,10010,Overall,,65.8,90,Moderate
2026-07-11,10010,PM2.5,16.23,63.3,65,Moderate
2026-07-11,10010,PM10,17.0,15.1,16,Good
2026-07-11,10010,Ozone,75.79,42.0,97,Moderate
2026-07-11,10010,Nitrogen Dioxide,27.28,13.4,29,Good
2026-07-11,10010,Sulphur Dioxide,1.89,1.0,1,Good
2026-07-11,10010,Carbon Monoxide,227.92,2.5,3,Good
2026-07-11,10010,Overall,,68.4,97,Moderate
2026-07-12,10010,PM2.5,20.32,67.3,72,Moderate
2026-07-12,10010,PM10,22.68,18.0,21,Good
2026-07-12,10010,Ozone,75.42,43.2,107,Unhealthy for Sensitive Groups
2026-07-12,10010,Nitrogen Dioxide,27.75,13.7,28,Good
2026-07-12,10010,Sulphur Dioxide,2.27,1.0,1,Good
2026-07-12,10010,Carbon Monoxide,190.46,1.8,2,Good
2026-07-12,10010,Overall,,73.0,107,Unhealthy for Sensitive Groups
2026-07-13,10010,PM2.5,19.26,69.6,71,Moderate
2026-07-13,10010,PM10,22.64,20.3,21,Good
2026-07-13,10010,Ozone,72.54,36.2,78,Moderate
2026-07-13,10010,Nitrogen Dioxide,22.41,11.1,19,Good
2026-07-13,10010,Sulphur Dioxide,2.14,1.1,2,Good
2026-07-13,10010,Carbon Monoxide,163.79,1.7,2,Good
2026-07-13,10010,Overall,,70.3,78,Moderate
2026-07-14,10010,PM2.5,23.24,66.7,74,Moderate
2026-07-14,10010,PM10,25.55,18.6,22,Good
2026-07-14,10010,Ozone,106.42,63.0,136,Unhealthy for Sensitive Groups
2026-07-14,10010,Nitrogen Dioxide,12.99,6.5,12,Good
2026-07-14,10010,Sulphur Dioxide,2.21,1.0,2,Good
2026-07-14,10010,Carbon Monoxide,171.54,2.0,2,Good
2026-07-14,10010,Overall,,84.5,136,Unhealthy for Sensitive Groups
2026-07-15,10010,PM2.5,26.81,87.3,91,Moderate
2026-07-15,10010,PM10,27.72,27.7,29,Good
2026-07-15,10010,Ozone,98.42,59.8,99,Moderate
2026-07-15,10010,Nitrogen Dioxide,11.32,5.7,13,Good
2026-07-15,10010,Sulphur Dioxide,1.83,1.0,1,Good
2026-07-15,10010,Carbon Monoxide,157.54,1.7,2,Good
2026-07-15,10010,Overall,,88.5,99,Moderate
2026-07-16,10010,PM2.5,47.83,95.5,126,Unhealthy for Sensitive Groups
2026-07-16,10010,PM10,49.12,30.5,43,Good
2026-07-16,10010,Ozone,99.83,61.8,142,Unhealthy for Sensitive Groups
2026-07-16,10010,Nitrogen Dioxide,16.36,8.1,15,Good
2026-07-16,10010,Sulphur Dioxide,1.94,1.0,1,Good
2026-07-16,10010,Carbon Monoxide,167.25,1.5,2,Good
2026-07-16,10010,Overall,,100.5,142,Unhealthy for Sensitive Groups
2026-07-17,10010,PM2.5,46.7,148.3,155,Unhealthy
2026-07-17,10010,PM10,48.05,51.5,55,Moderate
2026-07-17,10010,Ozone,87.42,46.5,82,Moderate
2026-07-17,10010,Nitrogen Dioxide,19.89,9.8,34,Good
2026-07-17,10010,Sulphur Dioxide,1.57,0.8,1,Good
2026-07-17,10010,Carbon Monoxide,177.58,1.8,2,Good
2026-07-17,10010,Overall,,148.3,155,Unhealthy
2026-07-18,10010,PM2.5,57.04,127.7,152,Unhealthy
2026-07-18,10010,PM10,59.18,43.8,53,Moderate
2026-07-18,10010,Ozone,89.58,39.1,49,Good
2026-07-18,10010,Nitrogen Dioxide,23.32,11.5,31,Good
2026-07-18,10010,Sulphur Dioxide,2.11,1.0,1,Good
2026-07-18,10010,Carbon Monoxide,187.96,2.0,2,Good
2026-07-18,10010,Overall,,127.7,152,Unhealthy
2026-07-19,10010,PM2.5,13.68,102.2,151,Unhealthy
2026-07-19,10010,PM10,13.97,32.4,52,Moderate
2026-07-19,10010,Ozone,79.67,41.4,48,Good
2026-07-19,10010,Nitrogen Dioxide,10.34,5.1,19,Good
2026-07-19,10010,Sulphur Dioxide,1.0,0.5,1,Good
2026-07-19,10010,Carbon Monoxide,209.75,2.1,3,Good
2026-07-19,10010,Overall,,102.2,151,Unhealthy
2026-07-20,10010,PM2.5,15.37,61.6,64,Moderate
2026-07-20,10010,PM10,16.33,14.3,16,Good
2026-07-20,10010,Ozone,83.83,41.2,101,Unhealthy for Sensitive Groups
2026-07-20,10010,Nitrogen Dioxide,16.66,8.2,17,Good
2026-07-20,10010,Sulphur Dioxide,1.73,0.8,1,Good
2026-07-20,10010,Carbon Monoxide,151.62,1.6,2,Good
2026-07-20,10010,Overall,,69.0,101,Unhealthy for Sensitive Groups
2026-07-21,10010,PM2.5,13.06,60.4,62,Moderate
2026-07-21,10010,PM10,14.85,14.7,16,Good
2026-07-21,10010,Ozone,92.83,48.0,79,Moderate
2026-07-21,10010,Nitrogen Dioxide,13.99,6.9,17,Good
2026-07-21,10010,Sulphur Dioxide,1.53,1.0,1,Good
2026-07-21,10010,Carbon Monoxide,160.25,1.7,2,Good
2026-07-21,10010,Overall,,61.4,79,Moderate
